 customer_id,customer_name,region,segment,signup_date
1,James Singh,North,Corporate,2022-09-08
2,Ayaan Kumar,North,Corporate,2023-07-13
3,Aditya Rodriguez,West,Consumer,2022-04-06
4,Reyansh Mehta,Central,Corporate,2023-07-29
5,Reyansh Davis,West,Consumer,2023-08-27
6,Krishna Sharma,South,Corporate,2022-12-15
7,Krishna Kumar,South,Home Office,2022-12-11
8,Vihaan Gupta,West,Consumer,2024-05-17
9,Diya Martinez,East,Corporate,2024-01-18
10,Anika Davis,North,Home Office,2023-01-23
11,Aditya Davis,East,Corporate,2023-09-26
12,David Johnson,Central,Consumer,2022-03-13
13,Vivaan Mehta,East,Home Office,2024-05-25
14,Ayaan Singh,West,Consumer,2023-10-13
15,Michael Johnson,South,Consumer,2022-08-03
16,Mary Nair,North,Corporate,2022-06-25
17,Aadhya Mehta,South,Consumer,2022-10-04
18,Elizabeth Davis,South,Corporate,2024-05-13
19,Robert Verma,South,Corporate,2024-04-04
20,Ananya Williams,East,Consumer,2023-08-04
21,David Smith,South,Corporate,2023-02-10
22,David Jones,South,Consumer,2022-09-10
23,Patricia Davis,Central,Consumer,2023-08-22
24,Isha Rodriguez,West,Consumer,2022-05-22
25,Kavya Garcia,North,Corporate,2024-05-31
26,Vihaan Kumar,South,Corporate,2023-03-09
27,Saanvi Gupta,West,Consumer,2023-04-25
28,Kavya Nair,Central,Home Office,2022-01-12
29,Mary Singh,Central,Corporate,2024-02-27
30,James Smith,North,Consumer,2022-06-11
31,Anika Sharma,East,Home Office,2024-02-20
32,Sai Miller,North,Home Office,2022-11-02
33,Michael Miller,Central,Consumer,2023-01-18
34,Robert Patel,Central,Home Office,2023-06-28
35,Elizabeth Sharma,Central,Consumer,2022-01-20
36,Vihaan Johnson,East,Consumer,2022-09-04
37,David Rodriguez,North,Consumer,2023-05-13
38,Michael Gupta,Central,Corporate,2022-05-12
39,Mary Garcia,Central,Consumer,2023-06-25
40,Linda Martinez,West,Home Office,2023-07-07
41,Robert Reddy,East,Consumer,2023-11-19
42,James Johnson,West,Home Office,2023-04-08
43,Vihaan Mehta,South,Consumer,2022-01-22
44,Myra Davis,South,Corporate,2022-01-08
45,Aditya Verma,South,Consumer,2022-02-02
46,Linda Smith,North,Consumer,2022-10-13
47,Mary Garcia,South,Consumer,2024-01-11
48,Elizabeth Rodriguez,Central,Consumer,2024-03-14
49,Riya Brown,South,Consumer,2023-11-06
50,Isha Johnson,West,Consumer,2024-06-03
51,Patricia Verma,North,Consumer,2024-01-16
52,Ananya Singh,South,Consumer,2023-07-04
53,Anika Kumar,West,Consumer,2023-04-19
54,Ayaan Gupta,West,Corporate,2024-05-26
55,Aadhya Singh,North,Corporate,2023-07-08
56,Michael Sharma,North,Home Office,2024-05-19
57,Ayaan Patel,West,Consumer,2022-08-07
58,Linda Williams,North,Consumer,2022-01-03
59,Priya Nair,West,Consumer,2023-12-15
60,Patricia Davis,West,Consumer,2022-10-31
61,Reyansh Verma,Central,Corporate,2022-03-04
62,Patricia Smith,North,Consumer,2023-05-04
63,Kavya Miller,South,Consumer,2023-06-05
64,Aditya Patel,North,Corporate,2023-11-23
65,Linda Mehta,West,Consumer,2023-08-07
66,Ayaan Rodriguez,Central,Consumer,2022-03-25
67,Isha Rodriguez,Central,Consumer,2022-09-25
68,Reyansh Smith,South,Consumer,2022-05-15
69,Mary Iyer,West,Consumer,2024-02-09
70,Elizabeth Gupta,North,Consumer,2023-07-31
71,Vihaan Gupta,Central,Consumer,2022-09-29
72,Arjun Johnson,North,Home Office,2023-01-14
73,Ishaan Patel,West,Corporate,2023-12-22
74,Ishaan Martinez,Central,Consumer,2024-04-16
75,Aadhya Iyer,North,Home Office,2022-05-18
76,Krishna Singh,North,Corporate,2022-06-09
77,Krishna Iyer,Central,Consumer,2022-12-18
78,Reyansh Nair,Central,Consumer,2024-05-16
79,Vivaan Gupta,West,Corporate,2022-02-15
80,Aarav Smith,South,Corporate,2022-09-26
81,Sai Jones,Central,Corporate,2023-07-29
82,Aarav Singh,North,Home Office,2023-12-09
83,David Kumar,Central,Consumer,2023-01-14
84,Myra Davis,South,Consumer,2022-02-12
85,Ishaan Johnson,North,Home Office,2022-08-04
86,Mary Mehta,North,Consumer,2023-07-28
87,David Brown,Central,Corporate,2022-08-31
88,Linda Patel,South,Home Office,2022-01-26
89,Sai Smith,West,Corporate,2024-06-03
90,Patricia Mehta,East,Consumer,2023-12-20
91,Vihaan Williams,North,Home Office,2022-08-16
92,Reyansh Jones,East,Consumer,2024-03-25
93,Linda Mehta,South,Consumer,2022-07-17
94,Priya Smith,East,Home Office,2024-03-02
95,Krishna Johnson,Central,Consumer,2024-05-13
96,Aadhya Smith,North,Consumer,2022-09-25
97,Sai Rodriguez,East,Consumer,2023-09-03
98,Isha Johnson,East,Consumer,2023-06-08
99,Vihaan Williams,Central,Consumer,2022-02-15
100,John Brown,North,Consumer,2024-04-05
101,Aadhya Reddy,East,Consumer,2023-11-12
102,Elizabeth Smith,Central,Consumer,2024-05-18
103,Vihaan Iyer,Central,Consumer,2023-02-23
104,Ananya Williams,East,Corporate,2022-07-16
105,Isha Williams,South,Corporate,2022-11-05
106,Priya Davis,North,Consumer,2022-08-04
107,Isha Rodriguez,Central,Corporate,2023-04-22
108,Anika Jones,South,Consumer,2024-03-23
109,David Patel,North,Consumer,2023-11-11
110,James Martinez,East,Consumer,2024-02-09
111,Ayaan Iyer,South,Corporate,2022-05-31
112,Aarav Verma,South,Home Office,2023-09-18
113,Linda Gupta,West,Consumer,2023-10-07
114,Myra Reddy,West,Consumer,2022-09-07
115,Arjun Sharma,North,Corporate,2022-08-13
116,Sai Miller,West,Consumer,2022-09-13
117,Elizabeth Singh,West,Consumer,2023-04-21
118,Mary Miller,Central,Corporate,2024-02-13
119,David Jones,Central,Corporate,2023-06-01
120,Isha Davis,West,Home Office,2024-02-01
121,Linda Garcia,West,Consumer,2022-09-11
122,Michael Nair,Central,Consumer,2022-09-02
123,Krishna Jones,North,Corporate,2022-08-29
124,Krishna Smith,East,Home Office,2022-03-24
125,Arjun Kumar,South,Consumer,2022-06-06
126,John Reddy,North,Consumer,2022-12-05
127,Aadhya Jones,West,Consumer,2024-05-02
128,Isha Williams,Central,Home Office,2022-01-21
129,Linda Rodriguez,West,Consumer,2022-12-27
130,Ishaan Williams,West,Consumer,2024-01-23
131,Aadhya Martinez,South,Consumer,2022-10-07
132,Isha Garcia,North,Consumer,2023-11-16
133,Mary Williams,South,Corporate,2022-05-11
134,Saanvi Davis,North,Home Office,2023-08-30
135,Myra Sharma,North,Corporate,2022-05-19
136,Linda Jones,South,Consumer,2023-01-24
137,Ananya Reddy,West,Consumer,2024-02-19
138,David Williams,East,Corporate,2024-05-01
139,Isha Nair,North,Consumer,2024-02-07
140,Aadhya Verma,East,Consumer,2022-03-12
141,Robert Verma,North,Home Office,2022-07-24
142,Michael Sharma,Central,Consumer,2022-05-10
143,Riya Singh,Central,Home Office,2023-04-22
144,John Nair,East,Consumer,2023-09-14
145,Patricia Singh,South,Home Office,2022-04-21
146,Myra Sharma,East,Corporate,2023-01-20
147,Priya Reddy,North,Corporate,2024-04-30
148,James Mehta,North,Corporate,2022-11-05
149,Linda Martinez,North,Corporate,2023-08-03
150,Jennifer Verma,East,Consumer,2023-11-09
