order_id,customer_id,order_date,ship_date
1,74,2025-07-20,2025-07-22
2,45,2025-04-25,2025-04-28
3,18,2025-05-04,2025-05-05
4,147,2025-12-03,2025-12-05
5,132,2025-03-02,2025-03-09
6,58,2024-11-08,2024-11-09
7,121,2024-09-27,2024-09-29
8,68,2024-01-03,2024-01-09
9,53,2024-10-22,2024-10-28
10,122,2025-10-02,2025-10-09
11,16,2024-03-14,2024-03-21
12,105,2024-10-22,2024-10-26
13,11,2025-05-20,2025-05-25
14,111,2025-09-10,2025-09-11
15,116,2025-08-12,2025-08-13
16,13,2025-10-29,2025-11-01
17,120,2025-04-26,2025-04-29
18,5,2024-12-03,2024-12-07
19,39,2025-07-17,2025-07-18
20,58,2024-01-02,2024-01-07
21,69,2025-01-05,2025-01-09
22,111,2024-10-21,2024-10-27
23,1,2025-12-27,2026-01-01
24,79,2024-04-26,2024-04-27
25,89,2025-12-23,2025-12-30
26,122,2025-07-18,2025-07-20
27,106,2025-02-28,2025-03-07
28,101,2024-11-01,2024-11-06
29,97,2025-07-10,2025-07-13
30,67,2025-02-24,2025-03-02
31,124,2025-11-10,2025-11-16
32,63,2025-03-26,2025-03-30
33,40,2025-11-01,2025-11-02
34,141,2025-12-10,2025-12-11
35,134,2025-10-03,2025-10-10
36,44,2024-03-11,2024-03-17
37,46,2024-04-12,2024-04-18
38,92,2024-02-27,2024-03-01
39,123,2025-08-02,2025-08-04
40,99,2025-01-26,2025-01-28
41,84,2025-04-17,2025-04-21
42,84,2025-11-24,2025-11-25
43,137,2024-11-02,2024-11-06
44,4,2025-05-09,2025-05-13
45,8,2025-12-17,2025-12-24
46,48,2024-10-20,2024-10-22
47,108,2025-11-25,2025-12-02
48,41,2024-11-12,2024-11-13
49,22,2024-10-29,2024-11-02
50,140,2025-01-09,2025-01-12
51,114,2024-10-29,2024-11-01
52,53,2025-11-21,2025-11-28
53,4,2025-07-03,2025-07-06
54,80,2025-01-15,2025-01-17
55,8,2025-07-28,2025-08-02
56,150,2024-11-05,2024-11-06
57,112,2025-05-19,2025-05-21
58,44,2025-12-14,2025-12-18
59,142,2025-05-16,2025-05-19
60,9,2025-01-06,2025-01-12
61,144,2025-02-11,2025-02-12
62,82,2025-08-01,2025-08-08
63,2,2025-09-02,2025-09-09
64,19,2024-08-31,2024-09-01
65,50,2025-03-07,2025-03-13
66,33,2025-06-09,2025-06-13
67,101,2025-11-05,2025-11-09
68,31,2025-03-12,2025-03-16
69,57,2024-05-31,2024-06-03
70,95,2025-09-03,2025-09-07
71,15,2025-12-19,2025-12-25
72,51,2024-08-21,2024-08-28
73,43,2024-11-16,2024-11-22
74,33,2025-04-30,2025-05-07
75,101,2025-07-23,2025-07-28
76,10,2024-12-28,2025-01-04
77,55,2024-10-21,2024-10-24
78,37,2025-11-03,2025-11-10
79,111,2024-10-12,2024-10-19
80,23,2025-09-28,2025-10-04
81,4,2025-12-11,2025-12-13
82,111,2024-12-25,2025-01-01
83,84,2024-02-01,2024-02-06
84,130,2024-06-10,2024-06-16
85,47,2024-02-23,2024-03-01
86,28,2025-05-12,2025-05-16
87,48,2025-03-16,2025-03-22
88,68,2024-02-26,2024-02-29
89,112,2025-03-16,2025-03-20
90,136,2025-11-15,2025-11-16
91,28,2024-01-20,2024-01-21
92,27,2025-03-03,2025-03-07
93,50,2025-09-24,2025-09-30
94,68,2024-03-21,2024-03-24
95,15,2025-10-10,2025-10-15
96,44,2025-10-22,2025-10-24
97,150,2025-09-08,2025-09-15
98,83,2025-08-01,2025-08-06
99,148,2025-03-26,2025-03-30
100,81,2024-11-13,2024-11-14
101,61,2024-04-02,2024-04-07
102,68,2024-02-12,2024-02-19
103,146,2025-05-02,2025-05-03
104,14,2024-03-27,2024-03-29
105,58,2025-03-25,2025-03-30
106,80,2025-01-31,2025-02-03
107,70,2024-12-03,2024-12-09
108,21,2025-11-03,2025-11-08
109,59,2024-12-24,2024-12-30
110,74,2024-11-13,2024-11-19
111,133,2025-06-23,2025-06-29
112,110,2024-11-12,2024-11-14
113,37,2024-05-20,2024-05-23
114,49,2025-06-23,2025-06-26
115,45,2025-10-01,2025-10-03
116,35,2025-03-30,2025-04-06
117,78,2024-07-17,2024-07-22
118,29,2025-01-15,2025-01-16
119,41,2024-06-13,2024-06-18
120,129,2024-12-23,2024-12-27
121,47,2025-01-18,2025-01-21
122,83,2025-04-25,2025-04-26
123,47,2025-03-09,2025-03-12
124,62,2025-03-05,2025-03-10
125,6,2025-05-26,2025-05-27
126,58,2024-01-02,2024-01-04
127,68,2024-03-28,2024-03-31
128,64,2025-06-03,2025-06-07
129,89,2024-01-17,2024-01-18
130,26,2024-12-06,2024-12-09
131,45,2025-12-02,2025-12-08
132,51,2025-04-13,2025-04-15
133,75,2024-11-19,2024-11-24
134,90,2024-07-14,2024-07-21
135,91,2025-01-30,2025-02-01
136,134,2025-06-15,2025-06-16
137,56,2024-11-24,2024-11-27
138,58,2025-12-07,2025-12-11
139,77,2025-03-21,2025-03-28
140,21,2024-02-01,2024-02-06
141,122,2025-10-22,2025-10-26
142,44,2024-03-19,2024-03-24
143,133,2025-05-26,2025-05-31
144,78,2024-10-19,2024-10-23
145,26,2025-04-07,2025-04-13
146,62,2024-11-23,2024-11-29
147,14,2024-11-03,2024-11-09
148,78,2024-05-22,2024-05-26
149,14,2025-07-18,2025-07-19
150,21,2025-05-05,2025-05-12
151,60,2024-11-20,2024-11-24
152,4,2025-07-18,2025-07-20
153,57,2025-06-14,2025-06-16
154,49,2024-03-21,2024-03-27
155,110,2024-06-21,2024-06-26
156,102,2025-09-11,2025-09-16
157,23,2025-10-18,2025-10-21
158,27,2025-10-04,2025-10-10
159,140,2024-03-02,2024-03-06
160,86,2024-05-27,2024-06-02
161,74,2025-06-11,2025-06-14
162,14,2024-09-10,2024-09-11
163,41,2025-03-04,2025-03-11
164,48,2025-06-11,2025-06-14
165,54,2025-06-01,2025-06-03
166,111,2024-10-15,2024-10-22
167,52,2025-03-17,2025-03-20
168,34,2025-07-29,2025-08-03
169,98,2025-07-17,2025-07-22
170,57,2024-12-13,2024-12-16
171,75,2024-02-16,2024-02-22
172,137,2024-06-01,2024-06-06
173,62,2024-11-02,2024-11-07
174,98,2024-01-18,2024-01-24
175,82,2025-12-05,2025-12-10
176,74,2025-08-15,2025-08-21
177,134,2025-10-06,2025-10-13
178,22,2025-12-18,2025-12-19
179,33,2025-12-08,2025-12-13
180,147,2025-12-23,2025-12-25
181,65,2025-01-20,2025-01-22
182,95,2024-12-28,2025-01-04
183,48,2024-10-12,2024-10-14
184,45,2025-05-06,2025-05-13
185,102,2024-05-29,2024-06-01
186,126,2025-12-13,2025-12-14
187,64,2025-06-27,2025-06-29
188,62,2025-04-28,2025-05-05
189,128,2024-06-10,2024-06-14
190,147,2024-10-21,2024-10-27
191,88,2024-08-25,2024-08-31
192,51,2024-10-23,2024-10-24
193,64,2024-12-09,2024-12-15
194,7,2025-04-24,2025-05-01
195,64,2025-10-25,2025-10-27
196,47,2025-08-04,2025-08-06
197,14,2025-03-13,2025-03-14
198,91,2024-05-23,2024-05-25
199,24,2024-11-05,2024-11-10
200,82,2024-08-29,2024-08-30
201,98,2025-12-21,2025-12-27
202,76,2024-08-14,2024-08-16
203,100,2025-09-12,2025-09-18
204,33,2025-11-11,2025-11-18
205,109,2024-03-24,2024-03-29
206,67,2024-07-26,2024-07-28
207,142,2025-11-27,2025-12-02
208,17,2024-02-26,2024-03-02
209,110,2024-11-11,2024-11-15
210,92,2025-08-15,2025-08-19
211,147,2025-04-28,2025-05-02
212,3,2025-01-26,2025-01-30
213,34,2025-07-06,2025-07-13
214,143,2025-02-06,2025-02-12
215,87,2025-06-28,2025-06-30
216,133,2024-04-25,2024-05-01
217,51,2024-03-09,2024-03-10
218,66,2024-02-19,2024-02-20
219,149,2024-02-27,2024-03-01
220,101,2025-08-14,2025-08-20
221,65,2025-06-17,2025-06-20
222,124,2024-06-28,2024-07-02
223,34,2025-10-20,2025-10-27
224,64,2024-06-01,2024-06-03
225,97,2025-12-25,2025-12-29
226,28,2024-09-18,2024-09-24
227,107,2024-04-04,2024-04-11
228,36,2025-09-11,2025-09-18
229,69,2025-07-26,2025-07-28
230,94,2025-12-13,2025-12-15
231,39,2024-10-16,2024-10-21
232,90,2025-04-22,2025-04-28
233,49,2025-01-14,2025-01-15
234,52,2024-01-17,2024-01-22
235,27,2024-07-19,2024-07-23
236,27,2025-11-01,2025-11-04
237,47,2025-10-19,2025-10-23
238,44,2025-07-13,2025-07-18
239,126,2024-01-07,2024-01-14
240,112,2025-04-11,2025-04-16
241,83,2024-01-07,2024-01-11
242,130,2024-01-18,2024-01-24
243,100,2024-09-03,2024-09-08
244,7,2025-02-10,2025-02-14
245,70,2024-08-19,2024-08-26
246,34,2024-04-05,2024-04-09
247,128,2025-12-20,2025-12-24
248,19,2024-02-13,2024-02-20
249,150,2025-12-01,2025-12-06
250,106,2024-11-18,2024-11-20
251,35,2024-03-19,2024-03-24
252,67,2025-07-07,2025-07-14
253,15,2024-12-20,2024-12-24
254,36,2024-11-30,2024-12-03
255,8,2025-01-19,2025-01-25
256,102,2025-09-25,2025-09-27
257,83,2025-10-11,2025-10-15
258,100,2024-11-11,2024-11-18
259,69,2025-03-17,2025-03-22
260,31,2024-12-28,2025-01-02
261,28,2024-01-13,2024-01-17
262,55,2024-06-22,2024-06-25
263,64,2025-03-21,2025-03-24
264,11,2024-09-09,2024-09-13
265,53,2024-05-18,2024-05-22
266,144,2024-12-03,2024-12-07
267,20,2024-07-24,2024-07-26
268,85,2024-11-29,2024-12-06
269,76,2025-07-12,2025-07-19
270,9,2025-12-26,2026-01-02
271,107,2024-05-22,2024-05-24
272,75,2025-01-21,2025-01-26
273,44,2025-12-09,2025-12-10
274,39,2024-03-28,2024-03-30
275,139,2025-10-22,2025-10-26
276,94,2025-07-25,2025-07-30
277,30,2025-11-26,2025-12-01
278,94,2024-10-29,2024-10-30
279,145,2024-11-15,2024-11-22
280,19,2024-04-09,2024-04-15
281,129,2025-12-28,2026-01-04
282,93,2024-09-06,2024-09-11
283,138,2025-04-18,2025-04-22
284,70,2025-04-05,2025-04-09
285,96,2025-12-21,2025-12-22
286,2,2024-11-29,2024-11-30
287,121,2025-10-16,2025-10-20
288,138,2025-09-24,2025-09-30
289,88,2024-05-17,2024-05-19
290,49,2024-05-24,2024-05-28
291,20,2024-07-09,2024-07-14
292,32,2025-05-16,2025-05-18
293,67,2025-05-11,2025-05-18
294,37,2025-05-21,2025-05-25
295,57,2024-03-25,2024-04-01
296,13,2025-05-22,2025-05-23
297,137,2025-01-10,2025-01-17
298,150,2025-10-31,2025-11-03
299,43,2024-03-30,2024-03-31
300,4,2024-12-25,2024-12-30
301,13,2024-03-01,2024-03-06
302,142,2025-12-21,2025-12-26
303,71,2025-11-26,2025-11-28
304,28,2024-05-15,2024-05-21
305,31,2025-11-23,2025-11-25
306,133,2025-01-19,2025-01-25
307,89,2025-01-12,2025-01-16
308,57,2025-04-14,2025-04-20
309,23,2025-02-11,2025-02-15
310,106,2025-08-14,2025-08-21
311,60,2024-02-19,2024-02-25
312,35,2025-03-14,2025-03-20
313,26,2025-01-15,2025-01-21
314,128,2025-12-17,2025-12-21
315,35,2024-05-15,2024-05-20
316,109,2025-03-08,2025-03-12
317,80,2024-04-14,2024-04-17
318,122,2025-11-24,2025-11-29
319,61,2025-03-26,2025-03-28
320,17,2024-08-10,2024-08-11
321,150,2025-01-28,2025-02-01
322,87,2025-10-22,2025-10-27
323,27,2025-11-05,2025-11-07
324,125,2025-02-05,2025-02-06
325,135,2025-10-15,2025-10-20
326,31,2025-08-05,2025-08-10
327,17,2024-03-10,2024-03-12
328,29,2025-02-11,2025-02-17
329,120,2025-07-03,2025-07-05
330,143,2024-06-08,2024-06-12
331,105,2024-03-08,2024-03-12
332,115,2024-04-28,2024-05-03
333,117,2024-06-28,2024-07-04
334,17,2024-12-21,2024-12-28
335,107,2024-10-02,2024-10-03
336,18,2024-03-06,2024-03-11
337,37,2025-08-03,2025-08-05
338,29,2025-11-21,2025-11-23
339,62,2025-04-28,2025-04-30
340,132,2025-11-02,2025-11-05
341,79,2024-03-20,2024-03-21
342,26,2025-02-14,2025-02-18
343,52,2025-01-12,2025-01-17
344,42,2024-09-08,2024-09-12
345,32,2025-12-11,2025-12-14
346,71,2024-11-10,2024-11-15
347,134,2024-04-05,2024-04-07
348,39,2024-03-27,2024-04-01
349,20,2025-08-04,2025-08-10
350,90,2024-11-30,2024-12-03
351,93,2025-08-21,2025-08-22
352,131,2024-05-03,2024-05-10
353,89,2024-05-02,2024-05-09
354,135,2024-12-01,2024-12-07
355,113,2024-06-27,2024-07-01
356,146,2024-05-23,2024-05-24
357,85,2024-03-27,2024-03-30
358,22,2024-05-11,2024-05-18
359,51,2025-08-10,2025-08-16
360,55,2025-03-12,2025-03-14
361,125,2025-10-24,2025-10-28
362,141,2025-03-05,2025-03-12
363,4,2025-01-02,2025-01-09
364,53,2025-02-01,2025-02-02
365,49,2024-10-14,2024-10-18
366,132,2024-06-12,2024-06-18
367,95,2024-08-12,2024-08-19
368,64,2025-08-29,2025-09-04
369,81,2025-08-04,2025-08-09
370,103,2025-09-08,2025-09-13
371,34,2024-12-14,2024-12-21
372,12,2024-03-15,2024-03-21
373,125,2024-11-26,2024-11-28
374,83,2024-08-16,2024-08-23
375,126,2024-10-28,2024-11-03
376,136,2025-08-04,2025-08-09
377,25,2025-08-02,2025-08-06
378,17,2025-11-17,2025-11-20
379,116,2025-12-10,2025-12-13
380,133,2025-02-27,2025-03-03
381,30,2025-08-14,2025-08-20
382,7,2024-02-04,2024-02-07
383,87,2024-04-05,2024-04-10
384,95,2025-03-20,2025-03-21
385,97,2025-07-07,2025-07-10
386,64,2025-08-08,2025-08-12
387,107,2024-03-30,2024-04-05
388,121,2025-10-15,2025-10-16
389,108,2025-02-11,2025-02-17
390,19,2024-07-08,2024-07-12
391,70,2025-03-26,2025-03-28
392,100,2024-03-28,2024-04-04
393,56,2025-06-19,2025-06-24
394,10,2024-03-21,2024-03-28
395,105,2025-11-24,2025-11-26
396,67,2024-07-16,2024-07-20
397,127,2025-10-04,2025-10-09
398,32,2024-03-09,2024-03-14
399,117,2025-06-16,2025-06-23
400,19,2024-04-25,2024-04-27
401,147,2024-10-19,2024-10-22
402,73,2025-04-29,2025-05-02
403,146,2025-12-11,2025-12-15
404,32,2024-10-02,2024-10-03
405,123,2025-12-02,2025-12-09
406,121,2024-11-24,2024-11-28
407,14,2024-02-27,2024-02-29
408,121,2024-01-30,2024-02-06
409,29,2025-04-12,2025-04-15
410,1,2025-10-12,2025-10-18
411,88,2025-04-01,2025-04-08
412,3,2025-12-06,2025-12-07
413,22,2025-10-24,2025-10-26
414,142,2025-11-29,2025-12-01
415,35,2024-11-08,2024-11-14
416,71,2024-08-11,2024-08-17
417,70,2024-04-14,2024-04-20
418,144,2025-05-08,2025-05-11
419,131,2025-10-29,2025-10-31
420,119,2025-09-06,2025-09-09
421,143,2025-02-18,2025-02-19
422,93,2024-12-17,2024-12-19
423,30,2024-11-03,2024-11-10
424,109,2024-09-21,2024-09-26
425,111,2024-08-15,2024-08-21
426,57,2025-08-22,2025-08-29
427,28,2025-08-20,2025-08-25
428,20,2025-11-28,2025-12-01
429,148,2024-07-24,2024-07-29
430,52,2024-03-23,2024-03-29
431,128,2024-06-21,2024-06-23
432,102,2025-03-20,2025-03-24
433,136,2024-02-08,2024-02-14
434,118,2025-06-27,2025-07-03
435,58,2025-12-11,2025-12-14
436,17,2024-11-09,2024-11-16
437,93,2025-06-16,2025-06-19
438,12,2025-05-16,2025-05-18
439,9,2024-05-14,2024-05-15
440,73,2025-12-29,2025-12-30
441,46,2025-07-01,2025-07-06
442,136,2025-01-24,2025-01-27
443,33,2025-12-03,2025-12-06
444,127,2024-10-03,2024-10-09
445,76,2025-09-24,2025-09-25
446,69,2024-10-29,2024-11-03
447,64,2025-05-07,2025-05-08
448,79,2025-08-10,2025-08-12
449,38,2024-10-30,2024-10-31
450,11,2024-10-24,2024-10-30
451,17,2024-02-16,2024-02-18
452,56,2024-10-01,2024-10-02
453,81,2025-02-14,2025-02-18
454,122,2025-10-26,2025-10-28
455,145,2024-06-12,2024-06-17
456,125,2024-07-04,2024-07-11
457,10,2024-05-13,2024-05-17
458,123,2024-03-05,2024-03-08
459,124,2025-11-16,2025-11-21
460,144,2025-03-19,2025-03-21
461,5,2025-01-29,2025-02-05
462,110,2024-11-24,2024-11-27
463,23,2025-01-22,2025-01-24
464,140,2025-04-03,2025-04-07
465,117,2025-10-31,2025-11-04
466,89,2025-09-25,2025-09-30
467,56,2024-12-15,2024-12-16
468,84,2025-11-03,2025-11-07
469,32,2024-12-15,2024-12-21
470,90,2025-05-19,2025-05-25
471,58,2025-02-06,2025-02-13
472,95,2025-10-10,2025-10-15
473,3,2024-01-05,2024-01-06
474,122,2024-05-11,2024-05-17
475,57,2024-09-11,2024-09-14
476,63,2025-06-08,2025-06-14
477,107,2025-07-20,2025-07-22
478,55,2024-12-19,2024-12-21
479,97,2025-12-28,2025-12-31
480,144,2025-11-14,2025-11-20
481,115,2025-06-19,2025-06-23
482,57,2025-11-30,2025-12-07
483,141,2025-07-08,2025-07-15
484,139,2025-10-24,2025-10-26
485,23,2025-11-11,2025-11-15
486,122,2025-07-19,2025-07-25
487,40,2025-10-10,2025-10-16
488,68,2025-09-09,2025-09-15
489,78,2024-05-02,2024-05-06
490,35,2024-01-06,2024-01-12
491,84,2025-11-08,2025-11-15
492,87,2025-12-25,2025-12-27
493,13,2024-04-04,2024-04-06
494,71,2025-09-25,2025-09-30
495,88,2025-11-29,2025-12-03
496,51,2025-01-18,2025-01-23
497,54,2025-10-29,2025-11-03
498,71,2025-07-04,2025-07-10
499,134,2024-07-29,2024-08-04
500,69,2024-06-06,2024-06-12
501,15,2025-07-25,2025-08-01
502,39,2025-04-06,2025-04-10
503,139,2025-07-01,2025-07-07
504,77,2024-04-18,2024-04-24
505,120,2025-03-24,2025-03-31
506,113,2025-07-12,2025-07-18
507,60,2025-10-25,2025-10-26
508,149,2024-02-12,2024-02-17
509,52,2024-11-08,2024-11-14
510,42,2024-08-14,2024-08-17
511,32,2025-07-16,2025-07-21
512,78,2024-04-10,2024-04-15
513,120,2025-11-18,2025-11-19
514,33,2024-11-21,2024-11-24
515,17,2025-03-14,2025-03-17
516,30,2025-10-18,2025-10-25
517,70,2025-05-06,2025-05-09
518,105,2024-07-20,2024-07-26
519,110,2025-08-18,2025-08-25
520,79,2025-07-06,2025-07-13
521,137,2024-10-24,2024-10-29
522,120,2024-01-11,2024-01-18
523,143,2025-08-02,2025-08-04
524,38,2025-05-14,2025-05-17
525,80,2025-01-04,2025-01-08
526,19,2024-10-07,2024-10-10
527,14,2025-10-31,2025-11-05
528,109,2024-08-16,2024-08-19
529,75,2024-01-07,2024-01-09
530,95,2025-10-20,2025-10-22
531,85,2024-05-01,2024-05-05
532,104,2024-08-03,2024-08-09
533,106,2024-06-13,2024-06-18
534,3,2024-06-19,2024-06-21
535,146,2025-07-31,2025-08-06
536,97,2024-06-23,2024-06-27
537,76,2025-06-07,2025-06-13
538,38,2025-01-29,2025-01-30
539,135,2024-06-02,2024-06-04
540,141,2025-06-28,2025-06-29
541,85,2025-09-09,2025-09-10
542,42,2025-03-15,2025-03-22
543,116,2025-12-14,2025-12-18
544,28,2024-03-26,2024-03-31
545,15,2024-01-08,2024-01-09
546,59,2025-12-05,2025-12-09
547,63,2025-08-22,2025-08-29
548,4,2025-02-27,2025-03-04
549,7,2025-05-10,2025-05-13
550,15,2025-11-06,2025-11-08
551,103,2024-04-12,2024-04-16
552,85,2024-06-13,2024-06-19
553,117,2025-03-21,2025-03-24
554,129,2025-06-17,2025-06-22
555,72,2025-03-25,2025-04-01
556,108,2025-06-06,2025-06-08
557,99,2024-06-10,2024-06-13
558,148,2025-06-14,2025-06-20
559,144,2024-12-22,2024-12-29
560,74,2025-08-11,2025-08-13
561,19,2025-05-30,2025-05-31
562,145,2025-07-30,2025-08-01
563,10,2025-05-08,2025-05-09
564,28,2025-06-12,2025-06-18
565,116,2024-12-16,2024-12-18
566,98,2025-08-10,2025-08-16
567,78,2024-07-30,2024-08-06
568,71,2024-04-19,2024-04-20
569,3,2025-05-08,2025-05-11
570,121,2025-05-17,2025-05-24
571,52,2024-02-03,2024-02-07
572,116,2025-04-16,2025-04-17
573,85,2024-04-13,2024-04-18
574,80,2025-09-19,2025-09-21
575,108,2025-01-16,2025-01-20
576,70,2025-08-12,2025-08-19
577,35,2025-07-22,2025-07-26
578,76,2024-01-10,2024-01-14
579,37,2024-11-19,2024-11-22
580,37,2024-03-02,2024-03-05
581,92,2024-12-08,2024-12-11
582,144,2025-02-25,2025-03-04
583,84,2025-07-05,2025-07-12
584,76,2025-01-25,2025-01-29
585,149,2024-12-11,2024-12-16
586,3,2024-12-17,2024-12-20
587,104,2025-02-27,2025-03-06
588,37,2025-12-18,2025-12-20
589,105,2025-04-29,2025-04-30
590,37,2025-09-24,2025-09-30
591,93,2024-05-14,2024-05-16
592,139,2024-11-29,2024-12-03
593,117,2025-08-28,2025-09-03
594,95,2024-11-13,2024-11-17
595,64,2025-01-09,2025-01-11
596,31,2024-05-19,2024-05-23
597,99,2025-05-03,2025-05-10
598,33,2024-01-08,2024-01-10
599,44,2024-09-12,2024-09-18
600,140,2024-09-02,2024-09-09
601,117,2025-02-26,2025-02-27
602,70,2025-04-11,2025-04-14
603,73,2025-07-01,2025-07-02
604,46,2024-01-09,2024-01-11
605,65,2024-11-15,2024-11-19
606,99,2025-02-05,2025-02-09
607,43,2024-01-13,2024-01-20
608,72,2024-02-04,2024-02-10
609,104,2025-11-28,2025-12-01
610,144,2025-07-16,2025-07-19
611,108,2024-08-29,2024-09-01
612,69,2024-06-07,2024-06-08
613,66,2025-09-25,2025-10-02
614,44,2024-04-19,2024-04-21
615,56,2024-12-21,2024-12-25
616,7,2025-07-26,2025-08-01
617,143,2024-12-22,2024-12-26
618,86,2025-07-21,2025-07-26
619,132,2025-07-08,2025-07-09
620,114,2025-09-27,2025-10-03
621,90,2024-07-13,2024-07-17
622,18,2024-11-25,2024-11-30
623,139,2024-02-02,2024-02-06
624,110,2025-06-22,2025-06-27
625,40,2024-03-13,2024-03-15
626,104,2025-12-26,2025-12-31
627,122,2024-11-07,2024-11-09
628,48,2025-11-03,2025-11-09
629,22,2025-11-21,2025-11-27
630,83,2024-07-03,2024-07-08
631,40,2025-09-06,2025-09-09
632,85,2024-11-27,2024-12-02
633,71,2024-09-17,2024-09-21
634,107,2025-09-02,2025-09-04
635,89,2025-12-07,2025-12-12
636,106,2024-06-07,2024-06-11
637,149,2025-08-19,2025-08-22
638,73,2025-05-09,2025-05-16
639,38,2024-11-03,2024-11-10
640,38,2024-12-08,2024-12-15
641,58,2025-10-11,2025-10-15
642,49,2025-07-06,2025-07-09
643,149,2025-11-20,2025-11-24
644,115,2024-05-31,2024-06-01
645,63,2025-02-12,2025-02-16
646,84,2024-05-18,2024-05-20
647,115,2025-07-28,2025-08-03
648,96,2025-03-16,2025-03-21
649,63,2025-01-09,2025-01-12
650,144,2024-11-08,2024-11-11
651,37,2024-08-27,2024-08-30
652,22,2024-10-21,2024-10-27
653,68,2025-07-04,2025-07-09
654,12,2025-09-29,2025-10-01
655,64,2025-06-23,2025-06-25
656,125,2025-09-24,2025-09-28
657,138,2025-11-06,2025-11-07
658,72,2025-01-24,2025-01-30
659,29,2025-09-03,2025-09-05
660,37,2025-12-30,2026-01-01
661,117,2024-12-26,2024-12-29
662,78,2024-03-04,2024-03-08
663,56,2024-12-15,2024-12-21
664,61,2025-11-25,2025-12-01
665,31,2024-11-15,2024-11-18
666,26,2024-05-21,2024-05-27
667,51,2024-05-18,2024-05-25
668,61,2024-11-21,2024-11-26
669,101,2024-11-06,2024-11-13
670,68,2024-07-08,2024-07-13
671,85,2024-08-24,2024-08-27
672,51,2025-09-11,2025-09-17
673,126,2024-05-20,2024-05-22
674,5,2025-02-26,2025-03-04
675,25,2025-03-13,2025-03-14
676,55,2025-08-08,2025-08-13
677,30,2024-09-08,2024-09-12
678,44,2025-03-26,2025-03-29
679,126,2024-05-25,2024-05-31
680,55,2025-12-13,2025-12-17
681,42,2025-04-09,2025-04-15
682,65,2025-12-29,2026-01-04
683,58,2024-03-28,2024-04-01
684,63,2025-01-24,2025-01-26
685,63,2025-12-30,2026-01-02
686,56,2024-07-04,2024-07-06
687,8,2024-08-31,2024-09-06
688,93,2025-09-07,2025-09-09
689,142,2024-07-31,2024-08-02
690,110,2025-09-09,2025-09-10
691,79,2025-09-17,2025-09-23
692,40,2024-11-26,2024-11-30
693,36,2024-05-17,2024-05-24
694,24,2024-08-02,2024-08-07
695,51,2025-10-06,2025-10-07
696,28,2025-12-24,2025-12-29
697,126,2024-05-12,2024-05-16
698,149,2024-07-17,2024-07-18
699,127,2025-02-28,2025-03-03
700,68,2025-10-17,2025-10-20
701,115,2025-06-02,2025-06-09
702,105,2024-06-28,2024-07-05
703,117,2025-10-23,2025-10-25
704,26,2024-11-02,2024-11-08
705,113,2025-08-14,2025-08-21
706,93,2025-01-19,2025-01-26
707,27,2025-09-01,2025-09-08
708,82,2025-02-27,2025-03-01
709,123,2024-11-05,2024-11-08
710,2,2024-06-06,2024-06-10
711,77,2024-05-15,2024-05-16
712,7,2024-04-28,2024-04-29
713,109,2024-02-17,2024-02-24
714,83,2024-08-02,2024-08-04
715,52,2025-03-27,2025-03-30
716,92,2025-09-29,2025-09-30
717,92,2024-10-04,2024-10-10
718,27,2024-12-12,2024-12-13
719,149,2024-02-21,2024-02-22
720,57,2025-10-06,2025-10-12
721,35,2025-11-17,2025-11-18
722,73,2025-04-11,2025-04-17
723,138,2025-09-23,2025-09-26
724,110,2024-12-04,2024-12-07
725,58,2024-04-25,2024-04-29
726,56,2025-06-04,2025-06-11
727,106,2024-11-05,2024-11-09
728,134,2025-07-15,2025-07-19
729,52,2025-12-11,2025-12-18
730,149,2025-12-29,2026-01-02
731,117,2025-07-22,2025-07-26
732,145,2025-01-23,2025-01-29
733,73,2025-10-13,2025-10-20
734,1,2024-10-25,2024-10-30
735,126,2024-11-20,2024-11-27
736,115,2025-08-19,2025-08-24
737,43,2024-03-04,2024-03-09
738,58,2024-08-28,2024-09-02
739,60,2025-02-19,2025-02-24
740,111,2024-07-11,2024-07-18
741,137,2024-01-17,2024-01-21
742,10,2025-12-13,2025-12-17
743,78,2025-01-28,2025-01-30
744,118,2024-10-02,2024-10-07
745,105,2025-08-04,2025-08-07
746,76,2024-03-22,2024-03-28
747,16,2024-03-21,2024-03-26
748,67,2025-11-10,2025-11-11
749,77,2024-12-17,2024-12-18
750,116,2025-03-07,2025-03-14
751,23,2025-07-31,2025-08-06
752,74,2025-11-03,2025-11-10
753,8,2024-10-11,2024-10-16
754,138,2024-04-24,2024-04-29
755,13,2025-12-18,2025-12-20
756,18,2024-08-31,2024-09-06
757,18,2024-04-28,2024-05-02
758,38,2025-06-29,2025-07-05
759,135,2024-01-13,2024-01-20
760,39,2024-02-12,2024-02-17
761,145,2024-12-09,2024-12-16
762,87,2024-09-04,2024-09-09
763,122,2024-11-16,2024-11-22
764,13,2024-04-10,2024-04-16
765,85,2024-09-14,2024-09-15
766,88,2025-10-15,2025-10-16
767,20,2025-11-03,2025-11-09
768,44,2025-12-13,2025-12-16
769,89,2024-10-10,2024-10-16
770,142,2024-09-28,2024-09-29
771,53,2024-07-01,2024-07-02
772,20,2025-10-20,2025-10-24
773,11,2025-11-11,2025-11-13
774,113,2025-05-17,2025-05-21
775,140,2025-12-06,2025-12-10
776,4,2025-01-02,2025-01-05
777,5,2025-10-24,2025-10-29
778,97,2024-10-23,2024-10-25
779,7,2024-11-02,2024-11-03
780,114,2024-07-13,2024-07-15
781,84,2025-02-02,2025-02-07
782,79,2024-01-17,2024-01-18
783,109,2024-05-01,2024-05-07
784,64,2025-08-16,2025-08-17
785,96,2024-01-20,2024-01-25
786,93,2024-01-15,2024-01-16
787,66,2024-04-18,2024-04-23
788,5,2025-11-25,2025-11-26
789,150,2025-08-30,2025-08-31
790,78,2025-07-20,2025-07-22
791,118,2025-05-13,2025-05-14
792,135,2025-03-02,2025-03-09
793,52,2025-06-19,2025-06-21
794,60,2024-03-31,2024-04-07
795,66,2024-08-29,2024-09-03
796,143,2025-11-06,2025-11-07
797,108,2025-04-30,2025-05-02
798,101,2025-03-21,2025-03-26
799,3,2025-07-04,2025-07-11
800,105,2025-08-29,2025-09-02
801,137,2024-11-29,2024-12-01
802,47,2025-08-22,2025-08-26
803,50,2025-01-31,2025-02-04
804,34,2024-05-10,2024-05-15
805,92,2025-04-21,2025-04-23
806,73,2024-06-23,2024-06-28
807,57,2024-08-09,2024-08-16
808,52,2024-09-09,2024-09-13
809,145,2025-05-31,2025-06-05
810,1,2025-04-08,2025-04-09
811,113,2024-05-15,2024-05-17
812,95,2025-12-21,2025-12-26
813,16,2025-12-21,2025-12-28
814,107,2025-10-04,2025-10-10
815,42,2024-10-03,2024-10-08
816,129,2024-03-23,2024-03-26
817,131,2024-02-22,2024-02-25
818,33,2025-12-22,2025-12-28
819,101,2025-10-26,2025-11-02
820,15,2024-08-18,2024-08-21
821,108,2024-03-05,2024-03-09
822,62,2025-11-25,2025-11-28
823,55,2025-12-10,2025-12-11
824,137,2024-03-19,2024-03-22
825,3,2024-07-28,2024-08-03
826,101,2025-04-30,2025-05-04
827,5,2025-11-02,2025-11-05
828,51,2025-07-15,2025-07-18
829,145,2024-09-23,2024-09-26
830,136,2024-10-19,2024-10-21
831,141,2024-04-29,2024-05-02
832,95,2024-07-07,2024-07-13
833,26,2024-05-31,2024-06-05
834,70,2024-06-08,2024-06-14
835,128,2025-12-23,2025-12-26
836,133,2024-02-11,2024-02-16
837,111,2024-08-13,2024-08-14
838,39,2025-08-20,2025-08-27
839,81,2025-02-07,2025-02-10
840,55,2025-03-13,2025-03-16
841,112,2024-03-30,2024-04-03
842,91,2025-02-28,2025-03-05
843,63,2024-03-31,2024-04-06
844,145,2025-01-25,2025-01-29
845,145,2024-11-07,2024-11-13
846,108,2024-06-06,2024-06-12
847,116,2025-03-03,2025-03-09
848,135,2024-03-09,2024-03-12
849,9,2024-09-21,2024-09-25
850,17,2024-02-29,2024-03-04
851,49,2025-03-05,2025-03-08
852,100,2024-03-19,2024-03-26
853,45,2024-11-19,2024-11-25
854,6,2025-07-01,2025-07-08
855,86,2025-02-25,2025-02-27
856,15,2025-07-26,2025-08-02
857,44,2024-03-19,2024-03-21
858,14,2025-09-03,2025-09-06
859,105,2024-05-01,2024-05-08
860,96,2024-03-21,2024-03-28
861,4,2024-02-13,2024-02-14
862,78,2024-09-16,2024-09-19
863,24,2024-07-23,2024-07-26
864,84,2024-12-22,2024-12-29
865,20,2025-06-01,2025-06-02
866,76,2024-10-15,2024-10-22
867,97,2025-12-25,2025-12-31
868,61,2024-04-19,2024-04-22
869,138,2024-04-22,2024-04-26
870,69,2024-12-01,2024-12-05
871,119,2025-03-30,2025-04-03
872,31,2025-01-11,2025-01-17
873,50,2024-03-28,2024-04-01
874,35,2024-06-21,2024-06-23
875,54,2025-02-17,2025-02-24
876,66,2025-12-31,2026-01-05
877,10,2024-12-30,2025-01-04
878,28,2025-05-16,2025-05-22
879,21,2024-07-02,2024-07-08
880,150,2025-11-07,2025-11-14
881,25,2025-11-08,2025-11-13
882,78,2025-07-07,2025-07-14
883,124,2024-05-01,2024-05-04
884,13,2025-11-06,2025-11-09
885,6,2025-02-02,2025-02-03
886,86,2025-12-02,2025-12-06
887,54,2025-02-04,2025-02-09
888,19,2024-12-23,2024-12-28
889,131,2024-04-09,2024-04-12
890,44,2024-09-10,2024-09-13
891,98,2024-11-08,2024-11-10
892,92,2025-11-04,2025-11-09
893,98,2025-12-13,2025-12-14
894,29,2025-11-22,2025-11-26
895,107,2025-09-21,2025-09-25
896,128,2025-07-02,2025-07-05
897,68,2024-08-19,2024-08-20
898,147,2025-05-01,2025-05-04
899,70,2025-03-19,2025-03-22
900,43,2025-06-11,2025-06-18
901,29,2025-08-13,2025-08-19
902,115,2025-10-03,2025-10-05
903,133,2025-12-02,2025-12-09
904,148,2024-03-06,2024-03-13
905,11,2024-09-19,2024-09-21
906,3,2024-01-29,2024-02-05
907,150,2025-03-22,2025-03-23
908,136,2024-10-11,2024-10-13
909,126,2024-03-26,2024-03-29
910,8,2024-04-02,2024-04-09
911,92,2024-05-03,2024-05-10
912,110,2024-04-02,2024-04-03
913,99,2024-08-11,2024-08-13
914,68,2024-02-27,2024-03-01
915,128,2024-05-28,2024-06-03
916,14,2025-09-12,2025-09-18
917,84,2025-07-19,2025-07-25
918,52,2025-02-01,2025-02-05
919,68,2025-10-08,2025-10-15
920,15,2025-05-18,2025-05-22
921,55,2024-03-08,2024-03-13
922,70,2024-07-07,2024-07-14
923,24,2025-08-12,2025-08-14
924,29,2025-10-26,2025-11-02
925,13,2024-11-23,2024-11-30
926,70,2024-10-15,2024-10-19
927,23,2025-08-07,2025-08-08
928,86,2025-12-19,2025-12-20
929,61,2024-06-01,2024-06-04
930,52,2025-06-22,2025-06-26
931,71,2024-09-29,2024-10-03
932,63,2025-09-06,2025-09-13
933,103,2024-07-03,2024-07-05
934,9,2025-01-13,2025-01-19
935,49,2024-11-27,2024-12-01
936,15,2024-09-19,2024-09-24
937,33,2025-09-04,2025-09-11
938,122,2025-01-25,2025-01-29
939,35,2024-07-02,2024-07-07
940,109,2024-05-15,2024-05-21
941,30,2024-11-16,2024-11-18
942,150,2025-03-16,2025-03-19
943,8,2024-11-19,2024-11-23
944,84,2025-03-26,2025-03-28
945,14,2024-09-23,2024-09-27
946,109,2025-07-28,2025-08-01
947,62,2024-05-06,2024-05-08
948,17,2024-10-06,2024-10-12
949,7,2024-01-05,2024-01-10
950,83,2024-12-02,2024-12-08
951,57,2024-06-06,2024-06-10
952,94,2025-08-31,2025-09-03
953,35,2025-08-05,2025-08-12
954,110,2025-01-25,2025-01-28
955,133,2024-08-01,2024-08-08
956,131,2025-10-31,2025-11-03
957,62,2024-11-13,2024-11-18
958,34,2025-01-11,2025-01-15
959,87,2025-07-30,2025-07-31
960,35,2024-04-05,2024-04-08
961,76,2025-10-24,2025-10-27
962,52,2025-05-04,2025-05-06
963,7,2025-08-05,2025-08-06
964,74,2024-12-29,2024-12-30
965,83,2024-02-16,2024-02-22
966,15,2025-11-17,2025-11-24
967,31,2025-09-10,2025-09-16
968,95,2025-02-08,2025-02-10
969,112,2025-09-08,2025-09-11
970,133,2025-11-22,2025-11-25
971,101,2024-01-28,2024-02-03
972,117,2025-10-03,2025-10-08
973,92,2024-05-31,2024-06-01
974,116,2025-04-27,2025-05-01
975,134,2025-02-05,2025-02-06
976,128,2025-08-15,2025-08-20
977,33,2025-11-25,2025-12-02
978,102,2024-01-20,2024-01-23
979,97,2024-04-29,2024-05-05
980,97,2024-06-14,2024-06-16
981,6,2024-08-12,2024-08-18
982,112,2025-11-03,2025-11-06
983,111,2024-06-14,2024-06-17
984,110,2024-06-09,2024-06-10
985,79,2024-01-19,2024-01-22
986,3,2025-05-30,2025-05-31
987,100,2024-05-03,2024-05-07
988,120,2025-07-24,2025-07-26
989,136,2025-09-17,2025-09-24
990,122,2025-01-05,2025-01-08
991,106,2025-01-07,2025-01-09
992,133,2024-01-07,2024-01-14
993,47,2024-03-28,2024-04-03
994,62,2025-06-26,2025-06-28
995,61,2025-03-29,2025-03-30
996,128,2024-06-17,2024-06-21
997,44,2025-12-31,2026-01-05
998,29,2024-11-17,2024-11-18
999,57,2025-04-01,2025-04-06
1000,51,2025-10-26,2025-10-28
1001,95,2024-05-09,2024-05-14
1002,87,2024-11-15,2024-11-22
1003,98,2024-11-07,2024-11-12
1004,69,2024-09-22,2024-09-25
1005,85,2025-04-04,2025-04-10
1006,36,2025-08-18,2025-08-24
1007,67,2025-08-09,2025-08-15
1008,56,2024-12-01,2024-12-03
1009,96,2025-02-25,2025-02-26
1010,66,2025-04-01,2025-04-07
1011,76,2025-08-21,2025-08-25
1012,30,2024-05-27,2024-05-31
1013,10,2025-04-11,2025-04-17
1014,124,2024-05-01,2024-05-05
1015,93,2024-02-11,2024-02-12
1016,101,2025-05-12,2025-05-14
1017,42,2024-11-08,2024-11-10
1018,144,2024-05-05,2024-05-06
1019,14,2024-12-11,2024-12-15
1020,70,2025-11-14,2025-11-21
1021,22,2025-01-31,2025-02-04
1022,106,2025-10-23,2025-10-25
1023,35,2025-10-22,2025-10-27
1024,83,2025-06-18,2025-06-22
1025,126,2025-06-28,2025-06-29
1026,127,2025-12-23,2025-12-28
1027,72,2024-01-24,2024-01-26
1028,24,2024-09-20,2024-09-21
1029,13,2024-06-06,2024-06-10
1030,93,2025-12-31,2026-01-04
1031,148,2024-11-27,2024-12-04
1032,44,2025-05-19,2025-05-24
1033,99,2024-11-21,2024-11-25
1034,95,2024-01-20,2024-01-25
1035,24,2024-11-07,2024-11-11
1036,33,2024-05-25,2024-05-27
1037,11,2025-09-27,2025-09-29
1038,72,2025-10-09,2025-10-16
1039,68,2025-06-30,2025-07-03
1040,76,2024-10-13,2024-10-15
1041,148,2025-12-25,2025-12-27
1042,64,2024-12-02,2024-12-08
1043,145,2025-11-19,2025-11-24
1044,77,2025-10-26,2025-10-31
1045,129,2024-05-06,2024-05-13
1046,33,2024-05-07,2024-05-09
1047,113,2024-10-14,2024-10-20
1048,73,2025-10-02,2025-10-08
1049,101,2024-02-07,2024-02-13
1050,86,2024-10-11,2024-10-15
1051,44,2025-08-02,2025-08-07
1052,29,2024-03-07,2024-03-12
1053,80,2025-11-25,2025-12-01
1054,3,2025-10-18,2025-10-24
1055,49,2025-02-20,2025-02-26
1056,97,2024-08-17,2024-08-21
1057,120,2024-07-18,2024-07-23
1058,127,2024-07-20,2024-07-23
1059,28,2025-05-06,2025-05-07
1060,84,2024-09-13,2024-09-17
1061,89,2024-12-07,2024-12-09
1062,44,2025-01-21,2025-01-28
1063,54,2025-09-17,2025-09-18
1064,31,2024-10-28,2024-11-01
1065,85,2025-09-30,2025-10-04
1066,23,2025-09-26,2025-10-02
1067,53,2025-09-01,2025-09-06
1068,97,2024-09-19,2024-09-23
1069,94,2024-03-02,2024-03-07
1070,20,2024-11-14,2024-11-19
1071,135,2025-06-14,2025-06-20
1072,103,2025-03-08,2025-03-10
1073,18,2025-04-23,2025-04-26
1074,35,2024-12-02,2024-12-06
1075,74,2025-12-10,2025-12-15
1076,57,2024-12-05,2024-12-09
1077,40,2024-01-07,2024-01-08
1078,53,2024-10-24,2024-10-30
1079,86,2024-01-31,2024-02-03
1080,20,2024-12-13,2024-12-15
1081,9,2024-05-20,2024-05-27
1082,149,2025-11-07,2025-11-12
1083,93,2024-07-15,2024-07-21
1084,45,2025-10-13,2025-10-14
1085,135,2024-06-01,2024-06-02
1086,75,2025-05-15,2025-05-16
1087,82,2025-10-22,2025-10-25
1088,115,2025-12-30,2026-01-05
1089,18,2025-08-18,2025-08-25
1090,4,2024-07-26,2024-07-28
1091,12,2025-01-21,2025-01-28
1092,95,2024-03-27,2024-04-01
1093,57,2025-06-08,2025-06-12
1094,13,2025-05-24,2025-05-28
1095,142,2025-10-22,2025-10-23
1096,25,2025-10-21,2025-10-24
1097,11,2025-11-22,2025-11-25
1098,13,2024-10-15,2024-10-22
1099,25,2024-08-21,2024-08-27
1100,8,2025-04-17,2025-04-18
1101,51,2025-12-15,2025-12-19
1102,83,2024-05-22,2024-05-24
1103,117,2025-11-05,2025-11-08
1104,91,2025-12-08,2025-12-11
1105,75,2024-05-22,2024-05-25
1106,92,2025-01-25,2025-01-29
1107,136,2024-04-21,2024-04-25
1108,121,2024-06-30,2024-07-06
1109,147,2025-01-30,2025-02-01
1110,20,2024-02-28,2024-02-29
1111,116,2024-04-23,2024-04-27
1112,30,2024-07-30,2024-08-01
1113,36,2024-06-11,2024-06-14
1114,33,2025-04-14,2025-04-15
1115,56,2025-04-16,2025-04-17
1116,21,2025-12-29,2026-01-02
1117,87,2025-03-18,2025-03-24
1118,23,2025-12-16,2025-12-18
1119,31,2025-11-13,2025-11-19
1120,11,2025-07-20,2025-07-23
1121,77,2024-11-29,2024-12-01
1122,68,2024-01-28,2024-02-03
1123,80,2024-07-18,2024-07-19
1124,137,2024-11-30,2024-12-04
1125,47,2025-11-03,2025-11-07
1126,142,2025-09-13,2025-09-16
1127,25,2024-03-20,2024-03-21
1128,65,2025-06-29,2025-07-05
1129,107,2025-10-18,2025-10-24
1130,126,2024-01-05,2024-01-09
1131,40,2024-01-17,2024-01-18
1132,63,2024-03-05,2024-03-06
1133,99,2025-06-08,2025-06-11
1134,104,2024-05-03,2024-05-04
1135,69,2025-10-31,2025-11-04
1136,86,2024-10-12,2024-10-15
1137,28,2025-09-05,2025-09-06
1138,88,2025-10-08,2025-10-14
1139,140,2025-11-13,2025-11-16
1140,83,2024-08-26,2024-09-01
1141,38,2024-09-06,2024-09-07
1142,139,2024-06-04,2024-06-10
1143,25,2024-12-02,2024-12-05
1144,49,2024-10-22,2024-10-24
1145,122,2025-11-11,2025-11-18
1146,66,2024-07-06,2024-07-07
1147,111,2024-07-16,2024-07-18
1148,60,2024-03-21,2024-03-25
1149,135,2025-03-10,2025-03-12
1150,136,2025-10-12,2025-10-19
1151,43,2024-06-20,2024-06-24
1152,88,2025-05-08,2025-05-12
1153,72,2024-11-03,2024-11-05
1154,93,2025-04-19,2025-04-22
1155,45,2024-12-07,2024-12-11
1156,3,2025-01-18,2025-01-22
1157,65,2024-05-07,2024-05-12
1158,148,2024-12-22,2024-12-26
1159,22,2024-09-05,2024-09-12
1160,67,2025-12-15,2025-12-17
1161,142,2024-05-30,2024-06-04
1162,41,2024-01-13,2024-01-14
1163,137,2024-03-23,2024-03-25
1164,66,2025-11-05,2025-11-10
1165,147,2024-04-01,2024-04-06
1166,36,2025-05-18,2025-05-19
1167,9,2025-03-17,2025-03-20
1168,32,2024-07-05,2024-07-06
1169,53,2024-07-15,2024-07-22
1170,142,2024-06-19,2024-06-20
1171,25,2024-01-31,2024-02-04
1172,76,2024-01-08,2024-01-15
1173,84,2025-09-10,2025-09-13
1174,44,2025-11-12,2025-11-17
1175,12,2024-04-12,2024-04-19
1176,44,2024-09-11,2024-09-16
1177,110,2024-11-25,2024-11-28
1178,133,2025-05-11,2025-05-16
1179,51,2025-12-17,2025-12-23
1180,116,2025-05-31,2025-06-04
1181,114,2025-04-23,2025-04-27
1182,9,2025-11-06,2025-11-07
1183,22,2024-11-30,2024-12-07
1184,44,2025-11-17,2025-11-19
1185,59,2025-09-07,2025-09-10
1186,59,2025-01-25,2025-02-01
1187,47,2024-08-16,2024-08-19
1188,47,2024-04-28,2024-04-30
1189,2,2025-08-27,2025-09-03
1190,73,2024-05-09,2024-05-14
1191,115,2024-11-19,2024-11-22
1192,85,2025-12-20,2025-12-23
1193,67,2025-12-24,2025-12-30
1194,126,2024-12-07,2024-12-13
1195,147,2024-08-18,2024-08-19
1196,22,2025-07-15,2025-07-19
1197,144,2024-10-16,2024-10-18
1198,83,2025-12-27,2026-01-02
1199,43,2025-05-09,2025-05-11
1200,52,2025-10-28,2025-11-03
1201,48,2025-03-13,2025-03-15
1202,97,2025-08-30,2025-09-01
1203,18,2025-05-15,2025-05-20
1204,143,2025-10-27,2025-11-02
1205,1,2025-05-15,2025-05-20
1206,137,2025-08-09,2025-08-15
1207,101,2025-12-20,2025-12-25
1208,85,2025-07-04,2025-07-11
1209,147,2025-06-26,2025-07-01
1210,143,2024-04-30,2024-05-05
1211,129,2024-05-11,2024-05-17
1212,95,2024-02-05,2024-02-06
1213,53,2024-06-24,2024-06-30
1214,68,2024-10-27,2024-10-31
1215,146,2024-12-26,2024-12-31
1216,116,2024-02-15,2024-02-17
1217,100,2025-09-08,2025-09-13
1218,16,2025-03-08,2025-03-11
1219,4,2025-02-13,2025-02-16
1220,146,2025-12-14,2025-12-20
1221,69,2025-06-07,2025-06-11
1222,150,2025-09-10,2025-09-13
1223,22,2025-02-20,2025-02-26
1224,121,2024-08-19,2024-08-20
1225,98,2024-05-06,2024-05-12
1226,124,2024-12-23,2024-12-30
1227,146,2024-02-19,2024-02-26
1228,89,2025-11-25,2025-11-30
1229,118,2024-05-10,2024-05-16
1230,74,2024-05-26,2024-06-01
1231,42,2024-09-12,2024-09-16
1232,133,2025-05-29,2025-06-02
1233,105,2024-08-22,2024-08-29
1234,120,2024-11-16,2024-11-22
1235,13,2024-04-05,2024-04-06
1236,23,2025-03-10,2025-03-16
1237,77,2025-11-24,2025-11-30
1238,34,2025-12-20,2025-12-23
1239,101,2024-06-28,2024-07-05
1240,44,2025-03-08,2025-03-10
1241,60,2025-11-26,2025-12-01
1242,59,2024-08-06,2024-08-12
1243,118,2025-10-20,2025-10-21
1244,20,2024-11-01,2024-11-02
1245,55,2024-12-29,2025-01-02
1246,125,2024-06-06,2024-06-10
1247,99,2025-04-26,2025-04-29
1248,46,2024-10-02,2024-10-06
1249,57,2024-01-06,2024-01-13
1250,61,2024-02-02,2024-02-04
1251,22,2025-11-29,2025-12-02
1252,141,2025-02-02,2025-02-03
1253,83,2025-12-01,2025-12-07
1254,15,2025-05-06,2025-05-10
1255,33,2024-07-10,2024-07-17
1256,145,2024-09-10,2024-09-14
1257,67,2025-05-29,2025-05-31
1258,79,2024-05-29,2024-06-03
1259,59,2025-06-21,2025-06-27
1260,47,2024-11-07,2024-11-10
1261,28,2024-09-09,2024-09-10
1262,70,2024-11-25,2024-11-29
1263,43,2024-07-08,2024-07-12
1264,148,2025-11-16,2025-11-21
1265,76,2025-08-26,2025-08-29
1266,136,2025-01-28,2025-01-29
1267,86,2025-11-01,2025-11-03
1268,67,2024-11-04,2024-11-11
1269,102,2024-05-10,2024-05-15
1270,129,2024-03-10,2024-03-15
1271,129,2024-10-23,2024-10-28
1272,100,2025-02-11,2025-02-16
1273,122,2025-02-03,2025-02-06
1274,124,2024-08-11,2024-08-12
1275,32,2024-09-22,2024-09-24
1276,84,2024-06-24,2024-06-29
1277,115,2024-10-03,2024-10-04
1278,102,2024-01-02,2024-01-08
1279,130,2024-09-27,2024-10-01
1280,143,2024-10-13,2024-10-14
1281,49,2025-12-05,2025-12-11
1282,81,2025-07-18,2025-07-22
1283,92,2025-10-06,2025-10-13
1284,1,2025-03-20,2025-03-24
1285,133,2024-06-29,2024-07-03
1286,42,2025-12-04,2025-12-05
1287,46,2024-01-13,2024-01-17
1288,143,2024-05-15,2024-05-16
1289,10,2024-04-18,2024-04-25
1290,104,2024-05-22,2024-05-27
1291,25,2024-02-27,2024-03-01
1292,128,2024-10-30,2024-11-06
1293,57,2024-01-25,2024-01-29
1294,121,2025-12-01,2025-12-07
1295,41,2024-10-15,2024-10-20
1296,102,2025-09-11,2025-09-15
1297,99,2025-03-11,2025-03-17
1298,20,2024-10-04,2024-10-10
1299,53,2025-12-29,2026-01-05
1300,75,2024-05-30,2024-06-03
1301,21,2024-04-25,2024-05-01
1302,111,2024-05-10,2024-05-14
1303,76,2024-12-07,2024-12-13
1304,144,2024-08-23,2024-08-28
1305,128,2024-08-12,2024-08-14
1306,137,2024-01-18,2024-01-22
1307,139,2025-03-07,2025-03-14
1308,100,2025-12-13,2025-12-17
1309,25,2024-04-18,2024-04-19
1310,59,2024-01-31,2024-02-02
1311,142,2025-03-02,2025-03-04
1312,48,2025-12-16,2025-12-20
1313,41,2025-10-22,2025-10-25
1314,114,2024-06-26,2024-06-27
1315,99,2025-04-10,2025-04-17
1316,52,2025-12-27,2025-12-29
1317,110,2024-08-12,2024-08-19
1318,91,2025-04-24,2025-04-30
1319,78,2024-07-18,2024-07-19
1320,68,2024-12-09,2024-12-12
1321,15,2025-09-03,2025-09-06
1322,40,2024-02-03,2024-02-04
1323,11,2024-11-12,2024-11-15
1324,90,2025-12-20,2025-12-23
1325,27,2024-06-02,2024-06-09
1326,98,2024-02-08,2024-02-10
1327,13,2025-11-28,2025-12-05
1328,121,2024-12-15,2024-12-17
1329,55,2025-03-17,2025-03-23
1330,49,2024-06-05,2024-06-09
1331,79,2024-11-12,2024-11-19
1332,110,2024-10-29,2024-11-01
1333,110,2025-04-16,2025-04-20
1334,45,2025-02-14,2025-02-19
1335,122,2025-11-29,2025-12-03
1336,26,2025-10-21,2025-10-28
1337,46,2024-04-17,2024-04-19
1338,85,2024-12-23,2024-12-29
1339,99,2024-07-23,2024-07-24
1340,66,2025-12-20,2025-12-21
1341,133,2025-04-26,2025-04-28
1342,13,2025-01-24,2025-01-31
1343,95,2024-08-06,2024-08-13
1344,75,2024-09-15,2024-09-16
1345,119,2024-11-01,2024-11-05
1346,112,2024-02-25,2024-02-29
1347,28,2024-12-23,2024-12-27
1348,89,2025-12-14,2025-12-20
1349,73,2025-09-03,2025-09-09
1350,133,2024-11-20,2024-11-24
1351,14,2024-05-08,2024-05-14
1352,73,2024-06-19,2024-06-21
1353,75,2024-01-17,2024-01-20
1354,67,2025-02-27,2025-03-02
1355,48,2024-06-29,2024-07-02
1356,132,2025-03-22,2025-03-29
1357,32,2024-04-16,2024-04-17
1358,120,2025-07-11,2025-07-15
1359,136,2025-03-06,2025-03-13
1360,61,2025-04-20,2025-04-27
1361,6,2025-06-03,2025-06-09
1362,6,2025-02-28,2025-03-01
1363,63,2025-09-06,2025-09-08
1364,105,2025-08-14,2025-08-20
1365,59,2024-11-21,2024-11-25
1366,77,2025-05-31,2025-06-05
1367,61,2024-11-26,2024-11-27
1368,116,2025-08-30,2025-09-04
1369,147,2025-10-11,2025-10-14
1370,4,2024-10-31,2024-11-07
1371,19,2025-11-06,2025-11-07
1372,48,2025-09-02,2025-09-04
1373,148,2024-07-31,2024-08-04
1374,48,2025-12-04,2025-12-07
1375,17,2024-07-01,2024-07-07
1376,34,2025-09-06,2025-09-08
1377,132,2024-07-16,2024-07-21
1378,31,2024-01-31,2024-02-02
1379,14,2024-10-01,2024-10-03
1380,29,2025-03-22,2025-03-26
1381,137,2025-02-06,2025-02-13
1382,97,2025-05-14,2025-05-18
1383,72,2024-11-22,2024-11-27
1384,120,2024-03-06,2024-03-07
1385,68,2025-06-27,2025-06-28
1386,17,2024-07-09,2024-07-10
1387,19,2024-11-17,2024-11-20
1388,125,2024-11-25,2024-11-30
1389,34,2025-06-23,2025-06-28
1390,18,2025-11-18,2025-11-24
1391,50,2024-11-23,2024-11-24
1392,47,2024-05-07,2024-05-12
1393,40,2024-01-22,2024-01-28
1394,34,2025-02-16,2025-02-21
1395,127,2024-10-08,2024-10-11
1396,16,2025-05-20,2025-05-24
1397,7,2025-09-24,2025-09-26
1398,128,2024-11-26,2024-12-02
1399,87,2025-12-05,2025-12-08
1400,58,2024-12-03,2024-12-10
1401,58,2024-05-02,2024-05-09
1402,68,2025-11-15,2025-11-20
1403,89,2024-10-14,2024-10-20
1404,76,2024-10-30,2024-11-02
1405,55,2024-03-02,2024-03-08
1406,114,2024-04-17,2024-04-24
1407,84,2024-11-16,2024-11-19
1408,42,2024-05-13,2024-05-16
1409,74,2025-06-09,2025-06-13
1410,117,2025-12-03,2025-12-10
1411,41,2024-09-03,2024-09-07
1412,82,2025-06-27,2025-06-30
1413,43,2025-03-17,2025-03-21
1414,74,2025-03-27,2025-03-28
1415,28,2025-03-08,2025-03-10
1416,135,2025-09-14,2025-09-18
1417,119,2024-04-23,2024-04-24
1418,32,2024-10-09,2024-10-14
1419,68,2025-12-09,2025-12-11
1420,53,2024-10-21,2024-10-24
1421,99,2024-11-08,2024-11-14
1422,75,2024-06-19,2024-06-23
1423,115,2025-03-14,2025-03-16
1424,32,2025-04-28,2025-05-05
1425,63,2024-08-21,2024-08-23
1426,20,2025-07-12,2025-07-16
1427,82,2024-12-27,2024-12-30
1428,25,2024-10-03,2024-10-09
1429,58,2024-05-25,2024-05-26
1430,127,2025-03-17,2025-03-23
1431,99,2024-10-07,2024-10-13
1432,91,2025-06-23,2025-06-29
1433,114,2024-10-09,2024-10-10
1434,25,2025-09-19,2025-09-26
1435,79,2024-01-09,2024-01-15
1436,35,2024-10-23,2024-10-29
1437,53,2024-10-28,2024-10-29
1438,20,2025-05-15,2025-05-19
1439,97,2024-05-21,2024-05-24
1440,71,2024-07-20,2024-07-21
1441,60,2024-12-29,2025-01-04
1442,138,2024-11-05,2024-11-07
1443,76,2025-08-15,2025-08-22
1444,14,2024-07-23,2024-07-24
1445,88,2024-07-06,2024-07-13
1446,49,2025-12-11,2025-12-17
1447,102,2025-02-24,2025-03-01
1448,123,2024-05-23,2024-05-26
1449,42,2025-02-06,2025-02-12
1450,115,2024-02-25,2024-02-28
1451,96,2024-10-24,2024-10-30
1452,88,2025-08-21,2025-08-27
1453,69,2025-05-22,2025-05-28
1454,30,2025-09-30,2025-10-01
1455,56,2024-05-03,2024-05-05
1456,43,2025-06-01,2025-06-02
1457,95,2025-09-19,2025-09-26
1458,22,2025-11-04,2025-11-09
1459,104,2025-11-14,2025-11-19
1460,148,2024-04-19,2024-04-26
1461,96,2024-05-03,2024-05-04
1462,99,2025-11-03,2025-11-04
1463,141,2024-06-11,2024-06-18
1464,33,2025-06-09,2025-06-15
1465,44,2024-12-13,2024-12-20
1466,23,2025-02-07,2025-02-14
1467,136,2025-06-22,2025-06-28
1468,82,2024-03-10,2024-03-17
1469,36,2025-11-26,2025-12-03
1470,146,2024-03-04,2024-03-05
1471,134,2025-01-18,2025-01-25
1472,101,2025-12-16,2025-12-18
1473,145,2024-08-18,2024-08-20
1474,40,2024-07-15,2024-07-16
1475,140,2024-01-06,2024-01-10
1476,33,2025-11-29,2025-12-05
1477,118,2025-04-30,2025-05-03
1478,134,2025-10-02,2025-10-03
1479,128,2024-11-01,2024-11-05
1480,101,2024-01-24,2024-01-27
1481,39,2024-03-17,2024-03-19
1482,126,2024-04-23,2024-04-26
1483,150,2024-03-01,2024-03-06
1484,67,2024-03-04,2024-03-05
1485,3,2024-02-06,2024-02-07
1486,140,2024-10-04,2024-10-05
1487,133,2024-12-24,2024-12-27
1488,40,2024-07-19,2024-07-26
1489,92,2025-07-19,2025-07-23
1490,71,2024-05-21,2024-05-22
1491,51,2024-02-29,2024-03-01
1492,74,2025-07-03,2025-07-10
1493,26,2024-02-28,2024-03-01
1494,40,2024-12-24,2024-12-26
1495,143,2024-07-29,2024-08-04
1496,29,2025-07-18,2025-07-24
1497,144,2025-07-08,2025-07-09
1498,3,2025-09-28,2025-09-29
1499,59,2025-06-17,2025-06-23
1500,89,2024-05-25,2024-05-27
1501,29,2024-02-04,2024-02-09
1502,114,2025-09-16,2025-09-17
1503,138,2024-07-07,2024-07-12
1504,30,2024-12-22,2024-12-27
1505,33,2025-08-28,2025-08-29
1506,113,2025-07-20,2025-07-26
1507,104,2025-06-15,2025-06-19
1508,66,2024-01-16,2024-01-22
1509,10,2025-09-22,2025-09-25
1510,97,2024-11-10,2024-11-13
1511,61,2025-04-22,2025-04-25
1512,130,2024-03-22,2024-03-27
1513,144,2024-10-09,2024-10-13
1514,84,2025-09-24,2025-09-26
1515,94,2025-08-16,2025-08-21
1516,38,2024-12-27,2024-12-28
1517,126,2025-06-07,2025-06-09
1518,126,2025-11-28,2025-12-04
1519,112,2024-11-30,2024-12-03
1520,17,2025-01-18,2025-01-21
1521,133,2025-08-28,2025-09-02
1522,6,2025-12-30,2026-01-01
1523,71,2024-06-02,2024-06-08
1524,43,2024-08-17,2024-08-22
1525,143,2025-09-13,2025-09-18
1526,5,2025-08-12,2025-08-14
1527,94,2024-11-18,2024-11-19
1528,141,2024-12-26,2024-12-27
1529,19,2025-11-12,2025-11-15
1530,138,2025-08-12,2025-08-19
1531,145,2024-01-16,2024-01-20
1532,23,2025-03-17,2025-03-19
1533,93,2024-09-04,2024-09-05
1534,146,2025-09-23,2025-09-29
1535,109,2025-10-07,2025-10-14
1536,110,2025-06-05,2025-06-06
1537,129,2025-04-09,2025-04-13
1538,93,2024-04-09,2024-04-13
1539,52,2025-06-21,2025-06-28
1540,21,2024-08-03,2024-08-06
1541,144,2024-12-21,2024-12-22
1542,16,2024-06-22,2024-06-25
1543,35,2024-01-29,2024-01-30
1544,8,2025-08-07,2025-08-11
1545,99,2024-05-02,2024-05-06
1546,106,2024-10-12,2024-10-13
1547,42,2024-12-09,2024-12-15
1548,133,2024-02-09,2024-02-15
1549,16,2025-10-03,2025-10-09
1550,94,2024-08-13,2024-08-16
1551,87,2025-05-23,2025-05-25
1552,113,2024-01-04,2024-01-08
1553,141,2024-02-09,2024-02-12
1554,41,2025-11-15,2025-11-22
1555,72,2024-08-12,2024-08-19
1556,112,2025-03-11,2025-03-15
1557,85,2025-05-15,2025-05-21
1558,31,2025-02-22,2025-03-01
1559,1,2025-03-11,2025-03-12
1560,90,2025-10-13,2025-10-16
1561,7,2024-06-19,2024-06-26
1562,78,2024-12-07,2024-12-14
1563,110,2025-07-02,2025-07-04
1564,62,2024-12-05,2024-12-10
1565,51,2025-06-23,2025-06-27
1566,108,2025-10-08,2025-10-10
1567,116,2025-01-21,2025-01-23
1568,76,2025-12-21,2025-12-25
1569,51,2025-02-04,2025-02-09
1570,82,2024-10-07,2024-10-08
1571,130,2025-01-20,2025-01-21
1572,147,2025-05-09,2025-05-15
1573,18,2024-04-20,2024-04-25
1574,128,2024-11-14,2024-11-21
1575,54,2025-05-16,2025-05-17
1576,105,2024-09-15,2024-09-21
1577,102,2025-12-06,2025-12-10
1578,1,2025-07-12,2025-07-18
1579,37,2025-06-10,2025-06-16
1580,141,2024-01-14,2024-01-20
1581,18,2024-04-26,2024-04-30
1582,108,2025-05-13,2025-05-20
1583,125,2024-04-30,2024-05-03
1584,116,2025-01-15,2025-01-17
1585,47,2025-01-15,2025-01-18
1586,114,2024-05-18,2024-05-24
1587,77,2024-01-06,2024-01-08
1588,1,2024-12-04,2024-12-09
1589,105,2025-10-13,2025-10-15
1590,71,2024-10-08,2024-10-15
1591,1,2025-10-01,2025-10-04
1592,82,2024-03-20,2024-03-21
1593,4,2025-06-18,2025-06-25
1594,121,2025-08-29,2025-09-05
1595,13,2024-08-09,2024-08-16
1596,113,2024-02-23,2024-03-01
1597,12,2024-11-05,2024-11-06
1598,14,2024-12-29,2025-01-03
1599,17,2025-10-10,2025-10-16
1600,130,2024-09-13,2024-09-18
1601,108,2024-12-20,2024-12-22
1602,45,2024-01-11,2024-01-14
1603,51,2024-12-02,2024-12-05
1604,57,2025-05-05,2025-05-11
1605,108,2025-10-09,2025-10-11
1606,87,2024-04-16,2024-04-17
1607,96,2024-05-14,2024-05-21
1608,106,2024-07-17,2024-07-23
1609,44,2024-11-20,2024-11-22
1610,140,2025-11-14,2025-11-15
1611,61,2024-09-30,2024-10-04
1612,123,2025-06-01,2025-06-07
1613,69,2024-12-15,2024-12-22
1614,150,2024-04-02,2024-04-03
1615,14,2024-01-11,2024-01-14
1616,37,2024-11-11,2024-11-17
1617,57,2024-10-20,2024-10-22
1618,54,2024-07-11,2024-07-13
1619,130,2025-03-26,2025-03-30
1620,110,2025-10-19,2025-10-26
1621,139,2025-07-04,2025-07-10
1622,139,2024-10-22,2024-10-28
1623,69,2025-04-23,2025-04-24
1624,10,2024-05-23,2024-05-26
1625,20,2024-02-04,2024-02-05
1626,123,2025-10-25,2025-10-27
1627,85,2025-09-23,2025-09-28
1628,38,2025-01-17,2025-01-21
1629,77,2025-06-03,2025-06-07
1630,25,2025-06-20,2025-06-25
1631,87,2024-11-12,2024-11-14
1632,117,2024-05-31,2024-06-02
1633,33,2024-07-27,2024-08-02
1634,139,2025-01-18,2025-01-20
1635,23,2024-04-08,2024-04-11
1636,31,2025-11-21,2025-11-25
1637,127,2025-08-23,2025-08-28
1638,57,2024-12-14,2024-12-15
1639,25,2025-05-26,2025-05-28
1640,66,2025-10-31,2025-11-02
1641,11,2025-05-07,2025-05-11
1642,57,2024-04-18,2024-04-19
1643,149,2024-01-13,2024-01-15
1644,48,2024-01-12,2024-01-18
1645,81,2024-04-28,2024-05-05
1646,2,2025-03-10,2025-03-14
1647,29,2025-12-25,2025-12-27
1648,41,2025-04-10,2025-04-14
1649,31,2025-04-16,2025-04-21
1650,44,2024-01-25,2024-01-27
1651,118,2024-11-28,2024-11-29
1652,74,2024-09-11,2024-09-16
1653,117,2025-05-20,2025-05-23
1654,15,2025-06-20,2025-06-21
1655,140,2025-10-15,2025-10-16
1656,71,2025-10-14,2025-10-18
1657,25,2024-09-20,2024-09-26
1658,47,2024-11-06,2024-11-11
1659,39,2025-04-29,2025-05-03
1660,82,2024-10-10,2024-10-11
1661,56,2024-07-31,2024-08-04
1662,95,2025-10-12,2025-10-14
1663,110,2024-03-06,2024-03-12
1664,25,2025-07-08,2025-07-13
1665,39,2025-03-31,2025-04-07
1666,134,2024-09-18,2024-09-24
1667,79,2024-03-26,2024-03-31
1668,135,2024-01-31,2024-02-05
1669,99,2024-10-17,2024-10-21
1670,36,2024-08-11,2024-08-12
1671,117,2025-02-14,2025-02-17
1672,126,2025-01-06,2025-01-12
1673,25,2025-06-29,2025-07-06
1674,114,2025-04-05,2025-04-12
1675,128,2024-12-08,2024-12-14
1676,88,2025-10-30,2025-11-03
1677,126,2024-08-17,2024-08-22
1678,59,2024-11-28,2024-11-30
1679,118,2025-01-14,2025-01-19
1680,104,2024-06-14,2024-06-20
1681,143,2024-11-26,2024-11-27
1682,146,2025-09-09,2025-09-11
1683,30,2024-12-05,2024-12-07
1684,109,2025-11-29,2025-12-06
1685,107,2025-07-04,2025-07-11
1686,144,2024-03-02,2024-03-06
1687,30,2025-06-07,2025-06-11
1688,50,2025-01-10,2025-01-13
1689,150,2024-08-03,2024-08-06
1690,17,2024-12-16,2024-12-20
1691,133,2025-08-04,2025-08-05
1692,20,2025-01-14,2025-01-20
1693,85,2025-10-11,2025-10-17
1694,118,2025-12-12,2025-12-17
1695,40,2024-08-21,2024-08-23
1696,14,2024-09-22,2024-09-27
1697,116,2024-12-18,2024-12-23
1698,136,2025-05-11,2025-05-18
1699,12,2025-01-23,2025-01-24
1700,118,2024-06-02,2024-06-09
1701,134,2024-07-26,2024-07-27
1702,149,2025-06-03,2025-06-08
1703,84,2025-06-19,2025-06-22
1704,60,2024-08-21,2024-08-25
1705,12,2024-10-11,2024-10-13
1706,130,2024-03-03,2024-03-05
1707,22,2024-04-10,2024-04-17
1708,72,2025-05-04,2025-05-05
1709,28,2024-08-08,2024-08-11
1710,105,2024-07-18,2024-07-24
1711,133,2025-09-07,2025-09-13
1712,85,2024-11-02,2024-11-07
1713,123,2025-05-30,2025-06-03
1714,131,2024-11-22,2024-11-27
1715,89,2025-03-18,2025-03-19
1716,105,2024-08-06,2024-08-09
1717,10,2025-12-02,2025-12-07
1718,52,2024-06-09,2024-06-13
1719,132,2025-10-31,2025-11-04
1720,129,2024-11-06,2024-11-09
1721,77,2024-11-18,2024-11-22
1722,16,2025-02-17,2025-02-21
1723,109,2024-10-07,2024-10-13
1724,123,2024-10-28,2024-10-29
1725,116,2024-08-08,2024-08-12
1726,85,2025-08-30,2025-08-31
1727,140,2025-08-23,2025-08-24
1728,58,2025-01-13,2025-01-16
1729,122,2024-03-16,2024-03-23
1730,144,2024-07-23,2024-07-27
1731,57,2025-11-07,2025-11-12
1732,137,2025-12-17,2025-12-20
1733,146,2025-04-24,2025-04-27
1734,2,2024-09-22,2024-09-28
1735,76,2025-06-25,2025-06-30
1736,33,2024-11-30,2024-12-04
1737,24,2024-03-18,2024-03-23
1738,66,2024-03-30,2024-04-03
1739,44,2024-10-10,2024-10-16
1740,124,2025-10-25,2025-10-29
1741,32,2024-01-07,2024-01-11
1742,11,2024-06-03,2024-06-05
1743,130,2025-10-31,2025-11-07
1744,97,2024-06-05,2024-06-07
1745,5,2025-06-30,2025-07-07
1746,28,2024-03-11,2024-03-14
1747,71,2024-01-28,2024-02-01
1748,15,2024-08-01,2024-08-05
1749,30,2025-01-24,2025-01-25
1750,89,2024-05-04,2024-05-06
1751,60,2024-11-20,2024-11-22
1752,62,2024-04-12,2024-04-15
1753,116,2025-12-19,2025-12-25
1754,3,2024-11-27,2024-12-04
1755,18,2025-06-15,2025-06-21
1756,81,2025-11-07,2025-11-12
1757,7,2025-11-15,2025-11-16
1758,51,2024-09-28,2024-09-29
1759,149,2024-02-17,2024-02-24
1760,121,2024-04-12,2024-04-14
1761,55,2025-05-02,2025-05-06
1762,33,2024-01-01,2024-01-05
1763,38,2025-09-20,2025-09-21
1764,5,2025-08-07,2025-08-09
1765,1,2025-02-17,2025-02-22
1766,135,2025-11-06,2025-11-12
1767,33,2024-05-14,2024-05-17
1768,123,2025-01-29,2025-02-05
1769,144,2025-10-11,2025-10-18
1770,74,2025-08-08,2025-08-15
1771,84,2025-08-14,2025-08-16
1772,99,2025-11-02,2025-11-05
1773,138,2025-04-12,2025-04-18
1774,54,2024-05-09,2024-05-13
1775,8,2024-12-21,2024-12-25
1776,39,2025-05-31,2025-06-07
1777,124,2024-12-28,2025-01-04
1778,52,2025-06-29,2025-07-01
1779,105,2025-09-25,2025-10-02
1780,89,2024-07-26,2024-07-30
1781,21,2025-05-02,2025-05-04
1782,29,2025-11-15,2025-11-21
1783,35,2024-09-05,2024-09-07
1784,77,2024-03-13,2024-03-16
1785,49,2024-06-04,2024-06-06
1786,135,2025-06-20,2025-06-26
1787,127,2024-11-01,2024-11-06
1788,64,2024-02-11,2024-02-14
1789,14,2025-12-09,2025-12-13
1790,47,2025-01-06,2025-01-13
1791,108,2024-10-13,2024-10-19
1792,99,2024-12-02,2024-12-09
1793,106,2025-05-12,2025-05-16
1794,111,2025-12-26,2025-12-31
1795,2,2025-09-08,2025-09-15
1796,104,2024-09-01,2024-09-07
1797,43,2024-02-10,2024-02-17
1798,12,2025-06-19,2025-06-23
1799,98,2024-01-27,2024-01-29
1800,108,2024-09-16,2024-09-22
1801,124,2024-02-18,2024-02-24
1802,132,2024-04-01,2024-04-06
1803,128,2024-11-09,2024-11-15
1804,87,2025-05-24,2025-05-31
1805,6,2025-05-12,2025-05-19
1806,116,2024-06-21,2024-06-22
1807,88,2025-12-18,2025-12-21
1808,87,2024-07-22,2024-07-28
1809,106,2024-09-26,2024-09-29
1810,40,2025-01-29,2025-02-04
1811,66,2024-08-18,2024-08-19
1812,117,2024-10-07,2024-10-09
1813,108,2024-08-09,2024-08-12
1814,91,2025-08-04,2025-08-06
1815,107,2025-12-24,2025-12-27
1816,48,2024-08-28,2024-08-31
1817,125,2025-12-20,2025-12-25
1818,141,2025-07-02,2025-07-09
1819,29,2024-08-17,2024-08-22
1820,143,2024-06-24,2024-06-28
1821,117,2024-05-31,2024-06-03
1822,116,2025-05-17,2025-05-24
1823,91,2024-12-04,2024-12-11
1824,54,2025-08-23,2025-08-24
1825,89,2025-06-26,2025-06-28
1826,136,2024-01-31,2024-02-04
1827,10,2025-12-02,2025-12-06
1828,60,2024-12-17,2024-12-20
1829,132,2024-09-15,2024-09-17
1830,44,2025-10-24,2025-10-27
1831,60,2024-03-01,2024-03-02
1832,138,2024-11-30,2024-12-01
1833,13,2024-07-12,2024-07-16
1834,37,2024-06-07,2024-06-12
1835,71,2024-06-30,2024-07-07
1836,35,2024-11-15,2024-11-16
1837,39,2025-05-24,2025-05-26
1838,27,2024-03-08,2024-03-11
1839,80,2025-02-17,2025-02-18
1840,103,2025-06-16,2025-06-22
1841,107,2025-12-20,2025-12-24
1842,99,2024-07-21,2024-07-27
1843,94,2025-05-17,2025-05-18
1844,41,2024-11-09,2024-11-16
1845,73,2024-11-10,2024-11-16
1846,132,2024-11-06,2024-11-09
1847,110,2024-07-01,2024-07-07
1848,79,2025-12-30,2026-01-05
1849,3,2025-09-19,2025-09-23
1850,87,2024-10-24,2024-10-26
1851,36,2025-02-15,2025-02-17
1852,140,2025-03-08,2025-03-14
1853,30,2024-10-06,2024-10-07
1854,149,2025-05-14,2025-05-15
1855,62,2025-12-07,2025-12-13
1856,134,2025-05-15,2025-05-20
1857,72,2025-11-28,2025-12-04
1858,92,2025-08-06,2025-08-13
1859,13,2024-07-24,2024-07-25
1860,7,2024-07-07,2024-07-13
1861,131,2024-05-26,2024-06-02
1862,107,2024-11-21,2024-11-22
1863,23,2025-10-21,2025-10-25
1864,49,2024-08-18,2024-08-20
1865,136,2025-03-27,2025-03-29
1866,83,2024-11-21,2024-11-27
1867,116,2025-09-25,2025-10-01
1868,102,2025-07-30,2025-08-03
1869,106,2025-07-12,2025-07-18
1870,86,2025-12-03,2025-12-07
1871,6,2024-06-05,2024-06-08
1872,42,2024-06-13,2024-06-14
1873,78,2025-04-15,2025-04-20
1874,98,2025-02-19,2025-02-23
1875,58,2025-02-01,2025-02-04
1876,76,2025-06-26,2025-06-28
1877,35,2025-09-25,2025-09-29
1878,123,2024-11-10,2024-11-12
1879,116,2024-11-03,2024-11-10
1880,30,2025-06-13,2025-06-17
1881,46,2025-11-14,2025-11-20
1882,88,2024-07-21,2024-07-24
1883,1,2025-05-13,2025-05-20
1884,143,2024-03-07,2024-03-08
1885,7,2024-11-10,2024-11-13
1886,114,2025-12-21,2025-12-24
1887,128,2024-06-04,2024-06-05
1888,11,2025-07-29,2025-08-02
1889,4,2025-11-10,2025-11-14
1890,104,2025-01-25,2025-01-29
1891,134,2025-08-21,2025-08-25
1892,110,2025-01-13,2025-01-15
1893,50,2025-11-15,2025-11-21
1894,40,2024-03-26,2024-04-02
1895,63,2024-07-15,2024-07-20
1896,106,2024-09-26,2024-09-30
1897,140,2025-11-03,2025-11-04
1898,9,2025-10-01,2025-10-06
1899,133,2025-04-26,2025-04-27
1900,17,2025-03-10,2025-03-13
1901,149,2025-07-19,2025-07-22
1902,20,2024-11-22,2024-11-23
1903,60,2024-04-19,2024-04-21
1904,117,2024-03-18,2024-03-19
1905,92,2025-08-19,2025-08-26
1906,84,2024-05-22,2024-05-28
1907,34,2025-01-31,2025-02-05
1908,117,2025-05-22,2025-05-24
1909,99,2024-03-03,2024-03-08
1910,34,2024-09-26,2024-10-01
1911,11,2025-12-20,2025-12-22
1912,142,2024-08-21,2024-08-27
1913,88,2024-08-11,2024-08-18
1914,29,2025-11-01,2025-11-07
1915,55,2024-03-05,2024-03-11
1916,43,2025-04-01,2025-04-07
1917,35,2025-09-12,2025-09-13
1918,100,2025-04-06,2025-04-13
1919,145,2025-05-15,2025-05-21
1920,118,2025-12-08,2025-12-12
1921,111,2025-04-20,2025-04-22
1922,136,2024-11-20,2024-11-27
1923,45,2025-11-08,2025-11-10
1924,130,2024-01-17,2024-01-19
1925,55,2025-02-05,2025-02-12
1926,111,2024-06-12,2024-06-18
1927,79,2024-11-27,2024-12-02
1928,80,2025-03-02,2025-03-05
1929,39,2025-09-18,2025-09-20
1930,80,2025-12-06,2025-12-09
1931,60,2025-04-02,2025-04-04
1932,12,2024-11-16,2024-11-20
1933,72,2025-10-09,2025-10-11
1934,62,2024-11-16,2024-11-17
1935,101,2024-03-24,2024-03-28
1936,12,2024-10-09,2024-10-12
1937,47,2024-12-01,2024-12-06
1938,131,2024-11-23,2024-11-26
1939,13,2025-09-03,2025-09-06
1940,30,2024-10-16,2024-10-20
1941,119,2024-07-28,2024-07-29
1942,93,2024-03-21,2024-03-28
1943,68,2024-11-17,2024-11-20
1944,106,2025-04-09,2025-04-14
1945,89,2024-11-30,2024-12-03
1946,119,2024-01-27,2024-02-02
1947,62,2024-11-27,2024-12-02
1948,136,2025-12-31,2026-01-01
1949,72,2024-12-12,2024-12-15
1950,71,2025-10-19,2025-10-25
1951,34,2025-04-04,2025-04-11
1952,54,2025-10-20,2025-10-22
1953,78,2024-05-20,2024-05-23
1954,56,2024-01-20,2024-01-23
1955,98,2025-02-28,2025-03-01
1956,147,2025-08-19,2025-08-22
1957,95,2024-06-17,2024-06-19
1958,33,2024-10-15,2024-10-18
1959,106,2025-09-14,2025-09-16
1960,120,2025-10-28,2025-10-29
1961,91,2025-02-19,2025-02-20
1962,54,2024-07-29,2024-08-03
1963,116,2025-01-04,2025-01-10
1964,117,2024-01-25,2024-01-27
1965,1,2024-12-01,2024-12-05
1966,83,2024-10-19,2024-10-25
1967,133,2024-01-01,2024-01-05
1968,88,2025-01-16,2025-01-20
1969,144,2024-09-26,2024-10-03
1970,43,2025-05-02,2025-05-03
1971,124,2025-08-16,2025-08-19
1972,30,2024-06-05,2024-06-09
1973,14,2025-02-26,2025-02-27
1974,86,2024-10-14,2024-10-20
1975,53,2024-07-11,2024-07-15
1976,92,2025-03-21,2025-03-27
1977,111,2024-02-18,2024-02-19
1978,14,2025-07-11,2025-07-17
1979,59,2024-06-27,2024-06-30
1980,18,2025-02-21,2025-02-25
1981,20,2024-12-06,2024-12-12
1982,127,2024-12-17,2024-12-24
1983,56,2025-08-10,2025-08-17
1984,13,2025-05-28,2025-06-02
1985,36,2025-07-17,2025-07-19
1986,98,2024-11-29,2024-12-06
1987,149,2025-02-06,2025-02-09
1988,18,2025-10-21,2025-10-28
1989,131,2025-05-22,2025-05-23
1990,18,2024-08-02,2024-08-03
1991,85,2025-11-27,2025-11-30
1992,102,2025-01-01,2025-01-02
1993,2,2025-03-14,2025-03-18
1994,110,2025-05-26,2025-05-27
1995,60,2024-04-10,2024-04-15
1996,4,2024-01-28,2024-02-01
1997,49,2024-09-08,2024-09-14
1998,61,2024-02-05,2024-02-10
1999,80,2025-12-01,2025-12-08
2000,77,2024-07-04,2024-07-10
2001,94,2024-02-19,2024-02-20
2002,34,2024-06-15,2024-06-20
2003,148,2024-03-19,2024-03-23
2004,60,2025-10-31,2025-11-07
2005,137,2024-12-14,2024-12-19
2006,132,2024-04-28,2024-04-30
2007,16,2025-03-24,2025-03-31
2008,23,2025-07-10,2025-07-14
2009,86,2025-03-08,2025-03-09
2010,4,2025-02-14,2025-02-16
2011,140,2025-04-01,2025-04-06
2012,20,2025-11-03,2025-11-07
2013,28,2024-05-30,2024-06-05
2014,71,2024-04-25,2024-04-28
2015,13,2024-05-20,2024-05-22
2016,43,2024-08-07,2024-08-11
2017,34,2024-03-13,2024-03-15
2018,1,2024-03-15,2024-03-17
2019,150,2024-09-25,2024-10-02
2020,144,2024-01-29,2024-02-04
2021,2,2025-10-23,2025-10-29
2022,8,2025-03-19,2025-03-23
2023,74,2024-02-10,2024-02-14
2024,78,2024-12-15,2024-12-20
2025,148,2025-12-05,2025-12-10
2026,141,2025-06-29,2025-07-05
2027,44,2024-10-04,2024-10-09
2028,17,2024-11-27,2024-12-02
2029,40,2024-12-09,2024-12-13
2030,34,2025-11-05,2025-11-10
2031,89,2025-12-04,2025-12-10
2032,109,2025-04-18,2025-04-20
2033,32,2025-10-15,2025-10-20
2034,9,2025-01-18,2025-01-22
2035,119,2025-09-12,2025-09-13
2036,14,2025-07-17,2025-07-20
2037,123,2025-09-01,2025-09-05
2038,15,2024-05-05,2024-05-12
2039,129,2025-12-04,2025-12-05
2040,64,2025-10-01,2025-10-04
2041,18,2025-09-10,2025-09-13
2042,45,2024-08-13,2024-08-20
2043,4,2024-06-13,2024-06-19
2044,54,2025-02-20,2025-02-24
2045,19,2024-09-01,2024-09-05
2046,145,2025-04-01,2025-04-02
2047,12,2025-01-24,2025-01-31
2048,49,2025-06-20,2025-06-21
2049,23,2025-03-28,2025-03-31
2050,18,2025-12-16,2025-12-18
2051,88,2024-09-11,2024-09-13
2052,21,2025-12-03,2025-12-05
2053,43,2024-12-19,2024-12-20
2054,81,2025-03-10,2025-03-13
2055,145,2024-09-23,2024-09-25
2056,50,2025-09-05,2025-09-07
2057,42,2024-06-11,2024-06-17
2058,52,2024-09-18,2024-09-21
2059,107,2024-07-09,2024-07-12
2060,127,2024-04-04,2024-04-09
2061,143,2024-08-29,2024-08-31
2062,9,2024-07-02,2024-07-09
2063,22,2024-06-05,2024-06-07
2064,28,2025-05-27,2025-05-28
2065,112,2025-01-11,2025-01-14
2066,108,2024-02-13,2024-02-17
2067,87,2025-02-08,2025-02-14
2068,82,2024-12-28,2025-01-02
2069,10,2025-02-21,2025-02-28
2070,49,2024-11-01,2024-11-05
2071,41,2024-11-18,2024-11-25
2072,98,2024-05-30,2024-06-04
2073,106,2024-05-25,2024-05-27
2074,29,2025-04-19,2025-04-20
2075,33,2024-04-13,2024-04-14
2076,146,2025-03-19,2025-03-22
2077,134,2025-05-05,2025-05-08
2078,128,2024-04-13,2024-04-19
2079,77,2024-08-11,2024-08-14
2080,149,2025-09-19,2025-09-24
2081,31,2025-06-13,2025-06-17
2082,2,2025-08-02,2025-08-04
2083,28,2024-05-27,2024-05-29
2084,146,2024-08-13,2024-08-16
2085,19,2025-08-05,2025-08-12
2086,85,2024-08-03,2024-08-04
2087,39,2024-08-12,2024-08-14
2088,14,2024-09-21,2024-09-26
2089,32,2025-08-26,2025-08-29
2090,26,2024-10-05,2024-10-10
2091,85,2024-11-03,2024-11-06
2092,79,2024-09-11,2024-09-13
2093,39,2024-12-05,2024-12-07
2094,84,2025-11-09,2025-11-12
2095,96,2024-12-07,2024-12-08
2096,6,2025-02-19,2025-02-21
2097,121,2024-12-10,2024-12-13
2098,85,2024-01-09,2024-01-13
2099,48,2025-12-15,2025-12-16
2100,111,2025-12-17,2025-12-22
2101,93,2024-12-04,2024-12-09
2102,26,2025-05-17,2025-05-22
2103,7,2025-09-19,2025-09-20
2104,87,2025-12-17,2025-12-21
2105,80,2025-11-11,2025-11-15
2106,143,2025-12-23,2025-12-27
2107,104,2024-08-03,2024-08-05
2108,30,2024-05-31,2024-06-04
2109,47,2024-12-06,2024-12-11
2110,71,2025-11-15,2025-11-20
2111,6,2025-11-02,2025-11-04
2112,86,2024-09-15,2024-09-22
2113,24,2025-12-27,2025-12-31
2114,149,2025-12-25,2025-12-28
2115,93,2025-03-01,2025-03-04
2116,48,2025-09-10,2025-09-13
2117,131,2024-12-17,2024-12-20
2118,136,2025-05-28,2025-05-30
2119,15,2025-06-01,2025-06-05
2120,61,2024-02-10,2024-02-16
2121,127,2025-04-12,2025-04-15
2122,132,2024-03-05,2024-03-09
2123,32,2024-11-03,2024-11-10
2124,84,2025-08-16,2025-08-19
2125,138,2025-04-05,2025-04-06
2126,9,2024-10-07,2024-10-12
2127,93,2025-09-06,2025-09-10
2128,150,2024-12-02,2024-12-08
2129,42,2024-12-02,2024-12-06
2130,77,2024-09-21,2024-09-24
2131,86,2024-06-16,2024-06-23
2132,68,2024-12-11,2024-12-18
2133,57,2025-09-21,2025-09-22
2134,142,2024-06-15,2024-06-17
2135,123,2025-10-08,2025-10-11
2136,19,2025-02-16,2025-02-18
2137,123,2025-05-21,2025-05-25
2138,100,2024-02-12,2024-02-14
2139,124,2025-11-11,2025-11-17
2140,125,2024-11-18,2024-11-19
2141,78,2025-08-30,2025-09-03
2142,116,2024-12-14,2024-12-21
2143,72,2024-11-15,2024-11-19
2144,67,2024-11-03,2024-11-05
2145,98,2025-06-27,2025-07-01
2146,58,2024-12-01,2024-12-02
2147,15,2024-12-07,2024-12-08
2148,47,2024-03-21,2024-03-24
2149,81,2025-12-08,2025-12-13
2150,135,2025-03-06,2025-03-09
2151,114,2025-08-25,2025-08-29
2152,5,2024-04-19,2024-04-24
2153,104,2024-04-16,2024-04-17
2154,148,2025-11-29,2025-12-03
2155,84,2024-07-11,2024-07-13
2156,40,2025-02-01,2025-02-06
2157,131,2025-08-27,2025-09-01
2158,75,2024-09-18,2024-09-22
2159,91,2025-12-08,2025-12-10
2160,81,2025-12-29,2025-12-31
2161,142,2024-08-11,2024-08-12
2162,15,2024-01-15,2024-01-18
2163,140,2025-10-25,2025-11-01
2164,74,2025-03-30,2025-04-06
2165,25,2025-11-09,2025-11-13
2166,25,2025-06-20,2025-06-24
2167,11,2024-10-13,2024-10-20
2168,81,2025-04-10,2025-04-16
2169,20,2024-10-09,2024-10-13
2170,66,2024-05-16,2024-05-18
2171,9,2024-05-28,2024-06-03
2172,23,2024-10-05,2024-10-10
2173,31,2024-04-19,2024-04-22
2174,64,2025-11-15,2025-11-22
2175,112,2025-06-25,2025-06-26
2176,140,2025-03-05,2025-03-06
2177,67,2024-11-09,2024-11-13
2178,78,2025-10-05,2025-10-12
2179,14,2024-09-07,2024-09-14
2180,35,2025-06-29,2025-07-01
2181,112,2024-03-19,2024-03-21
2182,143,2025-02-26,2025-03-04
2183,146,2025-07-15,2025-07-17
2184,2,2024-04-09,2024-04-10
2185,41,2024-04-05,2024-04-07
2186,99,2024-09-03,2024-09-09
2187,139,2025-12-13,2025-12-20
2188,41,2024-12-04,2024-12-09
2189,141,2025-03-13,2025-03-16
2190,56,2025-10-04,2025-10-10
2191,130,2024-07-02,2024-07-04
2192,116,2025-11-08,2025-11-13
2193,21,2024-07-28,2024-08-04
2194,129,2024-06-11,2024-06-12
2195,49,2025-12-01,2025-12-05
2196,38,2024-06-06,2024-06-10
2197,120,2025-11-24,2025-11-29
2198,32,2025-08-31,2025-09-05
2199,103,2025-03-31,2025-04-03
2200,94,2024-10-29,2024-11-03
