order_item_id,order_id,product_id,quantity,discount
1,1,24,4,0.0
2,1,37,1,0.05
3,2,27,1,0.0
4,3,33,1,0.05
5,4,4,3,0.0
6,4,40,2,0.0
7,5,31,5,0.0
8,5,27,4,0.0
9,6,25,6,0.0
10,6,16,2,0.05
11,7,17,5,0.0
12,8,22,3,0.0
13,9,40,1,0.1
14,9,37,3,0.1
15,10,25,4,0.0
16,10,15,2,0.05
17,10,1,3,0.15
18,11,11,6,0.15
19,12,12,6,0.0
20,12,34,3,0.05
21,13,27,4,0.1
22,14,6,6,0.15
23,15,11,6,0.15
24,15,35,5,0.0
25,15,14,2,0.05
26,16,17,5,0.0
27,17,24,1,0.15
28,18,24,4,0.15
29,19,20,3,0.0
30,20,26,1,0.0
31,21,33,1,0.0
32,21,5,5,0.0
33,22,18,1,0.2
34,23,12,4,0.0
35,24,11,2,0.05
36,24,31,6,0.0
37,25,23,4,0.0
38,26,6,5,0.1
39,26,25,2,0.15
40,26,1,3,0.1
41,27,35,1,0.0
42,28,11,4,0.15
43,28,13,4,0.05
44,28,33,3,0.0
45,29,26,6,0.0
46,29,1,4,0.0
47,30,1,4,0.0
48,31,29,4,0.2
49,31,10,2,0.05
50,31,32,5,0.0
51,32,13,2,0.0
52,33,16,3,0.0
53,34,26,6,0.15
54,34,34,4,0.2
55,35,28,5,0.0
56,36,14,2,0.1
57,36,27,4,0.2
58,36,3,6,0.1
59,37,5,1,0.0
60,38,15,2,0.05
61,39,13,1,0.05
62,40,2,5,0.0
63,41,27,1,0.15
64,42,36,3,0.2
65,43,32,4,0.15
66,43,8,2,0.2
67,44,32,5,0.0
68,45,6,3,0.0
69,45,30,6,0.1
70,46,19,3,0.0
71,46,20,2,0.05
72,47,12,2,0.05
73,47,4,6,0.05
74,48,13,6,0.0
75,49,27,2,0.1
76,50,6,3,0.15
77,50,23,4,0.2
78,51,7,4,0.2
79,51,17,2,0.1
80,52,25,3,0.0
81,52,5,4,0.0
82,53,3,6,0.0
83,53,21,4,0.15
84,54,19,5,0.15
85,55,7,1,0.05
86,56,11,1,0.0
87,57,20,2,0.0
88,57,36,3,0.1
89,58,4,6,0.0
90,59,4,3,0.0
91,60,26,6,0.0
92,61,12,4,0.0
93,61,2,2,0.05
94,61,27,5,0.2
95,62,14,2,0.05
96,62,38,2,0.0
97,63,2,2,0.05
98,63,11,2,0.0
99,63,4,1,0.0
100,64,8,1,0.0
101,65,31,4,0.1
102,66,37,5,0.0
103,67,33,1,0.0
104,67,14,4,0.15
105,68,11,4,0.0
106,68,12,1,0.0
107,69,29,5,0.05
108,69,1,3,0.0
109,70,20,4,0.0
110,71,10,5,0.1
111,71,9,2,0.0
112,72,20,4,0.1
113,73,21,2,0.1
114,74,40,4,0.0
115,75,18,6,0.0
116,76,11,6,0.0
117,77,10,5,0.0
118,78,8,5,0.0
119,79,16,5,0.2
120,80,3,5,0.2
121,81,27,3,0.2
122,82,31,6,0.0
123,83,11,4,0.05
124,84,9,5,0.05
125,85,30,6,0.0
126,85,23,4,0.1
127,86,34,5,0.0
128,87,5,4,0.05
129,87,22,3,0.0
130,88,24,2,0.1
131,88,39,3,0.0
132,88,36,1,0.05
133,89,14,2,0.05
134,90,13,6,0.0
135,91,28,5,0.0
136,91,29,4,0.1
137,92,25,3,0.0
138,93,30,1,0.0
139,93,23,1,0.0
140,93,10,5,0.0
141,94,18,2,0.0
142,94,16,2,0.0
143,95,4,3,0.0
144,96,11,3,0.0
145,97,26,2,0.2
146,97,34,6,0.05
147,98,17,6,0.0
148,99,1,3,0.05
149,99,21,3,0.05
150,100,25,3,0.0
151,101,19,5,0.05
152,102,1,2,0.0
153,103,21,3,0.2
154,104,31,6,0.0
155,105,4,3,0.15
156,106,14,1,0.1
157,106,40,6,0.0
158,107,4,3,0.1
159,108,33,3,0.0
160,108,5,6,0.0
161,109,20,4,0.0
162,109,28,6,0.2
163,110,15,2,0.1
164,110,40,6,0.2
165,111,18,3,0.0
166,112,18,4,0.0
167,113,8,1,0.05
168,113,25,5,0.15
169,114,38,5,0.0
170,114,28,4,0.0
171,115,5,1,0.0
172,115,28,6,0.1
173,116,39,4,0.0
174,116,21,2,0.0
175,117,20,4,0.1
176,117,39,4,0.05
177,117,14,4,0.2
178,118,31,5,0.15
179,118,12,3,0.0
180,119,22,4,0.0
181,120,27,5,0.0
182,121,30,6,0.05
183,121,39,2,0.0
184,121,16,3,0.15
185,122,40,1,0.0
186,122,33,2,0.05
187,122,1,6,0.05
188,123,37,1,0.0
189,124,8,1,0.15
190,125,35,5,0.0
191,125,9,2,0.0
192,126,7,2,0.1
193,127,20,5,0.05
194,128,32,1,0.05
195,128,2,3,0.0
196,129,40,6,0.1
197,130,36,6,0.0
198,131,18,2,0.15
199,132,14,2,0.15
200,133,29,5,0.05
201,134,1,6,0.0
202,134,11,1,0.1
203,135,17,4,0.0
204,136,22,1,0.0
205,136,10,2,0.05
206,137,7,3,0.0
207,137,17,6,0.0
208,138,7,3,0.05
209,139,9,1,0.1
210,139,10,4,0.0
211,139,4,6,0.1
212,140,38,4,0.0
213,140,35,1,0.0
214,141,1,1,0.05
215,141,5,6,0.0
216,141,9,3,0.0
217,142,21,3,0.05
218,143,9,3,0.1
219,144,25,2,0.15
220,145,35,1,0.15
221,146,14,5,0.0
222,147,13,6,0.05
223,147,34,3,0.05
224,148,34,5,0.05
225,149,36,4,0.2
226,150,28,5,0.0
227,151,38,5,0.0
228,152,14,2,0.0
229,152,16,1,0.15
230,153,27,6,0.0
231,154,15,3,0.0
232,154,19,3,0.05
233,154,8,1,0.05
234,155,7,6,0.05
235,156,14,1,0.0
236,157,28,5,0.0
237,157,21,6,0.0
238,158,13,4,0.0
239,158,18,6,0.0
240,158,37,4,0.0
241,159,7,2,0.0
242,160,40,3,0.2
243,161,39,1,0.0
244,162,40,4,0.15
245,163,23,3,0.2
246,163,5,6,0.0
247,163,14,2,0.05
248,164,36,1,0.2
249,165,37,3,0.0
250,166,38,4,0.0
251,166,26,1,0.15
252,167,3,4,0.0
253,167,24,4,0.0
254,168,4,4,0.05
255,169,31,1,0.0
256,169,13,1,0.0
257,170,2,2,0.05
258,170,33,4,0.05
259,171,25,4,0.05
260,172,3,5,0.0
261,173,34,5,0.05
262,173,19,5,0.0
263,174,31,4,0.05
264,175,36,6,0.1
265,176,1,4,0.0
266,177,26,2,0.15
267,177,9,2,0.0
268,178,32,4,0.0
269,179,14,4,0.15
270,179,22,6,0.1
271,180,32,6,0.05
272,181,8,5,0.0
273,182,39,6,0.15
274,182,21,3,0.05
275,183,15,3,0.1
276,183,8,6,0.0
277,183,33,6,0.05
278,184,1,3,0.0
279,184,37,6,0.05
280,185,21,1,0.0
281,185,10,4,0.1
282,185,4,6,0.05
283,186,15,5,0.0
284,186,26,1,0.1
285,187,19,4,0.0
286,188,17,5,0.2
287,189,39,2,0.1
288,190,10,1,0.1
289,191,9,1,0.15
290,191,2,2,0.0
291,192,15,5,0.0
292,193,40,4,0.15
293,194,2,2,0.1
294,195,39,3,0.1
295,196,17,6,0.15
296,197,35,1,0.0
297,198,29,4,0.0
298,199,23,6,0.0
299,200,8,2,0.0
300,201,21,3,0.0
301,202,13,4,0.1
302,203,15,4,0.1
303,204,39,5,0.15
304,205,21,1,0.15
305,205,19,1,0.0
306,206,6,5,0.0
307,207,21,5,0.0
308,208,32,5,0.0
309,209,24,1,0.1
310,210,28,1,0.05
311,211,26,2,0.1
312,212,21,6,0.2
313,213,31,2,0.2
314,214,10,1,0.1
315,214,17,3,0.05
316,214,19,6,0.05
317,215,26,3,0.0
318,216,38,1,0.0
319,217,18,6,0.1
320,218,8,2,0.05
321,219,33,6,0.05
322,220,7,2,0.0
323,220,16,2,0.2
324,221,18,5,0.2
325,222,4,1,0.2
326,223,3,6,0.0
327,224,16,4,0.0
328,224,27,2,0.0
329,225,35,5,0.0
330,225,6,4,0.05
331,225,27,2,0.0
332,226,1,4,0.15
333,227,26,3,0.0
334,228,2,5,0.1
335,229,13,3,0.0
336,229,7,1,0.0
337,230,27,2,0.05
338,231,27,3,0.0
339,231,38,5,0.15
340,232,34,3,0.15
341,233,8,2,0.1
342,234,27,4,0.0
343,235,40,2,0.05
344,236,35,4,0.2
345,237,26,3,0.0
346,238,10,1,0.05
347,238,3,1,0.2
348,238,24,6,0.0
349,239,40,1,0.1
350,239,15,1,0.0
351,240,25,5,0.15
352,240,5,6,0.05
353,241,30,5,0.1
354,242,32,2,0.0
355,242,37,1,0.05
356,243,33,3,0.0
357,244,19,2,0.2
358,245,36,6,0.2
359,245,25,6,0.1
360,246,17,1,0.05
361,247,6,6,0.1
362,247,24,5,0.2
363,248,31,5,0.05
364,248,33,1,0.2
365,249,39,1,0.0
366,250,27,6,0.15
367,251,6,4,0.1
368,252,2,6,0.1
369,252,28,5,0.1
370,253,10,1,0.0
371,254,14,4,0.05
372,254,3,3,0.05
373,255,25,4,0.0
374,256,22,1,0.0
375,256,33,4,0.1
376,257,32,1,0.0
377,258,31,2,0.0
378,259,10,1,0.0
379,260,17,3,0.15
380,261,17,6,0.15
381,261,23,2,0.05
382,262,37,2,0.0
383,263,27,1,0.0
384,264,38,2,0.05
385,265,36,5,0.0
386,266,24,6,0.2
387,266,17,2,0.0
388,267,27,3,0.0
389,267,35,6,0.05
390,267,25,5,0.1
391,268,20,3,0.0
392,268,22,5,0.0
393,269,1,6,0.05
394,270,33,6,0.0
395,271,19,2,0.1
396,272,14,4,0.05
397,273,2,3,0.1
398,273,19,5,0.05
399,274,34,3,0.0
400,274,30,5,0.0
401,275,36,3,0.2
402,275,5,4,0.0
403,275,23,1,0.0
404,276,22,3,0.0
405,277,26,1,0.05
406,278,36,6,0.0
407,279,10,4,0.0
408,280,19,1,0.0
409,281,8,1,0.1
410,282,29,5,0.0
411,283,9,2,0.05
412,283,16,4,0.0
413,284,27,2,0.0
414,285,15,5,0.0
415,286,4,4,0.05
416,287,17,5,0.0
417,287,9,3,0.15
418,288,40,3,0.15
419,288,18,5,0.0
420,289,39,2,0.0
421,290,16,5,0.0
422,291,27,6,0.2
423,291,3,2,0.05
424,292,25,4,0.05
425,293,25,5,0.05
426,294,8,4,0.05
427,295,14,3,0.0
428,295,7,2,0.05
429,296,7,3,0.1
430,297,29,6,0.0
431,298,32,1,0.0
432,298,16,3,0.15
433,299,11,2,0.0
434,299,27,6,0.05
435,300,11,2,0.05
436,300,38,2,0.15
437,301,2,5,0.0
438,302,5,5,0.2
439,303,14,4,0.15
440,303,28,3,0.15
441,303,5,2,0.1
442,304,25,2,0.1
443,305,2,3,0.05
444,306,4,1,0.0
445,306,40,6,0.0
446,307,6,1,0.15
447,308,40,1,0.1
448,309,10,4,0.0
449,309,3,3,0.0
450,310,16,3,0.15
451,311,30,4,0.0
452,311,11,2,0.0
453,312,7,6,0.0
454,312,6,3,0.0
455,312,32,3,0.0
456,313,38,4,0.05
457,314,17,6,0.0
458,314,6,2,0.05
459,315,34,1,0.0
460,315,22,3,0.15
461,316,27,4,0.0
462,317,38,2,0.0
463,317,8,2,0.05
464,318,39,5,0.1
465,319,14,2,0.15
466,319,6,5,0.1
467,320,18,1,0.05
468,321,6,2,0.0
469,322,36,6,0.05
470,322,20,6,0.0
471,323,24,5,0.0
472,324,4,2,0.05
473,324,27,1,0.0
474,325,28,1,0.2
475,325,24,3,0.0
476,326,16,4,0.2
477,326,1,1,0.0
478,327,32,1,0.2
479,328,23,4,0.0
480,328,25,4,0.0
481,329,12,3,0.0
482,330,24,6,0.1
483,331,4,2,0.0
484,331,33,1,0.2
485,332,6,6,0.1
486,333,28,1,0.0
487,334,33,3,0.0
488,334,1,2,0.1
489,335,14,1,0.0
490,335,3,4,0.0
491,336,2,4,0.05
492,336,36,3,0.0
493,337,33,1,0.15
494,338,20,1,0.0
495,338,4,1,0.0
496,339,27,1,0.05
497,340,40,6,0.0
498,341,23,1,0.0
499,342,7,3,0.0
500,342,8,5,0.05
501,343,7,6,0.05
502,343,29,4,0.0
503,344,40,5,0.0
504,345,39,6,0.0
505,346,37,4,0.05
506,346,38,1,0.2
507,346,17,2,0.1
508,347,4,5,0.0
509,347,9,3,0.05
510,348,37,4,0.0
511,349,38,2,0.0
512,349,15,3,0.2
513,349,29,4,0.1
514,350,27,2,0.0
515,351,17,4,0.0
516,352,6,3,0.05
517,353,34,6,0.1
518,353,35,1,0.0
519,354,15,3,0.0
520,355,5,5,0.1
521,355,20,2,0.0
522,356,18,2,0.0
523,356,13,4,0.0
524,357,15,1,0.0
525,357,24,1,0.0
526,357,4,6,0.0
527,358,3,3,0.0
528,358,16,4,0.0
529,359,6,1,0.0
530,360,11,3,0.0
531,360,4,2,0.0
532,360,10,5,0.05
533,361,34,4,0.0
534,361,7,3,0.0
535,362,24,6,0.2
536,363,10,5,0.05
537,364,8,2,0.0
538,365,3,5,0.2
539,366,32,5,0.15
540,367,33,2,0.0
541,368,16,5,0.0
542,368,4,6,0.0
543,369,17,4,0.05
544,369,32,2,0.05
545,369,2,1,0.0
546,370,4,3,0.15
547,371,13,3,0.0
548,371,2,2,0.05
549,372,9,1,0.0
550,373,3,4,0.1
551,373,16,4,0.05
552,374,21,3,0.1
553,375,11,6,0.2
554,376,16,5,0.0
555,377,25,6,0.0
556,378,17,3,0.0
557,379,5,6,0.0
558,379,7,4,0.0
559,380,26,4,0.0
560,381,17,4,0.0
561,382,2,1,0.0
562,383,15,6,0.0
563,383,6,6,0.0
564,384,23,2,0.0
565,385,2,1,0.0
566,386,28,3,0.0
567,387,34,4,0.0
568,387,10,1,0.0
569,388,37,1,0.0
570,389,16,6,0.05
571,390,35,4,0.0
572,391,31,5,0.0
573,391,34,6,0.1
574,392,39,5,0.0
575,393,22,4,0.05
576,393,39,2,0.05
577,394,40,5,0.05
578,394,13,5,0.15
579,395,37,4,0.0
580,396,38,6,0.0
581,397,16,6,0.15
582,398,37,3,0.15
583,399,7,6,0.05
584,400,13,5,0.1
585,401,8,3,0.0
586,401,30,4,0.05
587,402,32,5,0.05
588,403,21,3,0.1
589,403,26,1,0.1
590,404,23,3,0.0
591,405,1,3,0.2
592,406,19,1,0.0
593,406,8,2,0.15
594,407,37,6,0.05
595,408,23,1,0.0
596,409,28,3,0.0
597,409,39,4,0.05
598,410,33,3,0.05
599,411,1,5,0.0
600,412,5,2,0.15
601,413,23,4,0.05
602,414,13,5,0.15
603,414,35,2,0.0
604,415,13,4,0.15
605,415,12,3,0.05
606,416,20,5,0.0
607,417,5,3,0.05
608,417,21,5,0.05
609,417,25,3,0.1
610,418,25,3,0.0
611,418,26,6,0.2
612,419,28,2,0.15
613,420,23,6,0.0
614,420,29,4,0.2
615,421,37,5,0.15
616,422,19,6,0.1
617,422,9,6,0.0
618,423,17,5,0.0
619,423,21,1,0.05
620,424,14,2,0.2
621,424,32,3,0.1
622,425,4,4,0.1
623,425,8,3,0.0
624,426,10,1,0.15
625,427,1,2,0.05
626,428,37,2,0.0
627,429,31,4,0.0
628,429,18,6,0.0
629,430,26,3,0.05
630,430,12,1,0.05
631,430,19,2,0.1
632,431,7,1,0.0
633,432,31,4,0.0
634,433,37,1,0.15
635,434,34,6,0.0
636,435,35,4,0.05
637,436,2,3,0.05
638,437,15,6,0.2
639,438,26,4,0.0
640,439,35,2,0.0
641,440,40,6,0.0
642,441,6,6,0.0
643,441,37,1,0.0
644,441,8,1,0.0
645,442,17,2,0.0
646,443,32,1,0.1
647,444,27,1,0.05
648,445,25,4,0.0
649,445,21,2,0.1
650,446,33,2,0.1
651,447,1,1,0.15
652,448,20,5,0.0
653,448,16,6,0.0
654,448,36,3,0.05
655,449,27,2,0.15
656,450,7,6,0.0
657,451,22,2,0.0
658,451,9,4,0.2
659,452,17,3,0.0
660,453,29,4,0.1
661,454,22,6,0.1
662,455,20,5,0.1
663,456,11,1,0.15
664,457,10,4,0.0
665,458,37,6,0.05
666,459,22,6,0.05
667,460,19,6,0.1
668,461,4,5,0.0
669,462,14,2,0.05
670,463,26,4,0.15
671,464,20,1,0.2
672,465,24,5,0.05
673,466,22,6,0.1
674,467,5,4,0.0
675,467,29,5,0.05
676,468,13,6,0.0
677,469,33,3,0.05
678,469,27,3,0.1
679,469,10,1,0.15
680,470,24,4,0.0
681,470,1,5,0.0
682,471,36,6,0.0
683,471,39,4,0.0
684,472,20,4,0.05
685,473,26,4,0.15
686,474,34,3,0.05
687,474,35,4,0.0
688,475,3,4,0.15
689,475,21,2,0.0
690,475,14,6,0.15
691,476,38,3,0.1
692,477,36,6,0.0
693,478,28,6,0.2
694,478,19,2,0.05
695,478,24,6,0.05
696,479,11,5,0.05
697,480,14,5,0.0
698,480,13,4,0.15
699,481,25,6,0.0
700,482,1,3,0.0
701,483,3,5,0.15
702,484,18,6,0.0
703,485,5,6,0.0
704,486,35,5,0.15
705,487,7,5,0.05
706,488,24,3,0.0
707,488,2,6,0.0
708,488,23,2,0.1
709,489,16,3,0.0
710,490,10,1,0.0
711,490,14,3,0.05
712,490,11,6,0.05
713,491,32,3,0.0
714,492,13,5,0.0
715,492,35,5,0.0
716,492,27,5,0.05
717,493,34,3,0.0
718,493,17,2,0.2
719,494,30,6,0.0
720,494,24,6,0.0
721,495,38,1,0.0
722,495,26,5,0.1
723,495,27,1,0.15
724,496,1,1,0.0
725,497,34,1,0.0
726,498,7,6,0.05
727,499,36,6,0.1
728,499,28,6,0.15
729,500,17,1,0.0
730,501,33,3,0.0
731,502,26,4,0.1
732,503,26,6,0.05
733,503,25,6,0.15
734,504,4,1,0.0
735,505,32,4,0.0
736,505,12,2,0.0
737,506,3,6,0.15
738,507,25,5,0.0
739,508,6,5,0.2
740,509,23,3,0.0
741,509,29,6,0.15
742,509,14,2,0.0
743,510,15,2,0.1
744,511,8,6,0.0
745,512,8,3,0.0
746,513,9,1,0.15
747,514,28,3,0.1
748,514,20,2,0.05
749,515,17,2,0.1
750,516,11,6,0.1
751,517,34,4,0.05
752,517,3,2,0.05
753,518,26,1,0.15
754,519,13,1,0.05
755,520,18,4,0.0
756,521,8,4,0.0
757,522,28,5,0.1
758,522,39,5,0.0
759,522,2,2,0.0
760,523,17,4,0.2
761,523,20,1,0.0
762,524,6,1,0.1
763,525,28,1,0.2
764,525,23,3,0.0
765,526,1,5,0.0
766,527,18,1,0.05
767,527,28,4,0.2
768,528,5,3,0.05
769,528,34,4,0.15
770,529,37,2,0.0
771,530,3,3,0.05
772,531,30,6,0.0
773,531,18,6,0.05
774,532,23,1,0.0
775,532,12,2,0.05
776,533,29,5,0.0
777,534,6,4,0.05
778,535,40,3,0.2
779,535,34,2,0.0
780,536,36,5,0.15
781,536,9,2,0.05
782,537,14,4,0.05
783,537,15,1,0.0
784,538,14,5,0.1
785,539,7,5,0.05
786,540,5,6,0.0
787,541,34,6,0.05
788,541,5,5,0.0
789,542,32,4,0.0
790,543,18,4,0.1
791,544,27,2,0.0
792,545,5,4,0.1
793,546,26,2,0.0
794,547,18,5,0.0
795,548,22,3,0.05
796,549,23,6,0.0
797,550,34,6,0.2
798,551,5,5,0.05
799,551,10,6,0.1
800,552,26,1,0.15
801,553,12,1,0.05
802,554,4,2,0.05
803,555,38,5,0.0
804,555,34,1,0.1
805,556,36,6,0.0
806,556,11,2,0.1
807,557,20,3,0.1
808,557,27,4,0.05
809,558,8,1,0.05
810,559,27,5,0.2
811,560,6,1,0.05
812,561,36,3,0.15
813,561,18,5,0.0
814,562,2,4,0.1
815,562,17,5,0.15
816,563,17,2,0.1
817,564,32,2,0.0
818,564,8,4,0.1
819,565,35,3,0.0
820,566,13,2,0.05
821,566,1,2,0.0
822,567,37,5,0.0
823,568,30,6,0.05
824,568,19,1,0.1
825,569,40,5,0.15
826,570,1,3,0.0
827,570,4,5,0.0
828,570,8,5,0.1
829,571,4,2,0.05
830,571,35,1,0.1
831,572,29,2,0.0
832,573,22,2,0.05
833,573,31,2,0.0
834,574,8,2,0.0
835,575,17,2,0.05
836,576,39,3,0.15
837,577,29,6,0.0
838,578,40,6,0.05
839,579,9,5,0.0
840,580,10,6,0.0
841,581,31,3,0.0
842,582,7,5,0.0
843,582,28,5,0.05
844,583,19,3,0.1
845,584,1,2,0.15
846,584,17,6,0.15
847,585,4,1,0.0
848,586,28,6,0.0
849,586,8,6,0.0
850,587,30,6,0.0
851,588,24,1,0.0
852,589,22,5,0.1
853,589,25,1,0.0
854,590,22,4,0.0
855,590,9,2,0.1
856,590,10,4,0.05
857,591,27,6,0.0
858,592,31,5,0.2
859,592,28,5,0.0
860,592,5,6,0.05
861,593,12,5,0.0
862,593,4,6,0.05
863,594,28,1,0.0
864,595,19,1,0.05
865,596,9,6,0.2
866,597,3,3,0.05
867,598,4,5,0.0
868,599,35,4,0.0
869,599,39,1,0.0
870,600,30,6,0.1
871,600,32,3,0.05
872,600,21,5,0.15
873,601,15,3,0.0
874,602,17,4,0.0
875,602,26,1,0.0
876,603,26,2,0.1
877,604,17,2,0.0
878,605,2,4,0.1
879,605,25,1,0.0
880,605,30,2,0.0
881,606,28,3,0.15
882,607,36,4,0.1
883,607,24,4,0.0
884,608,39,5,0.1
885,608,5,2,0.05
886,609,14,6,0.0
887,610,24,3,0.0
888,611,27,3,0.05
889,612,23,4,0.0
890,613,32,1,0.0
891,613,11,2,0.1
892,614,12,5,0.1
893,615,32,1,0.1
894,615,12,3,0.1
895,616,24,5,0.0
896,617,14,5,0.15
897,618,18,3,0.15
898,619,12,5,0.0
899,619,19,2,0.15
900,620,7,5,0.15
901,621,37,2,0.05
902,621,14,3,0.0
903,622,1,1,0.15
904,622,39,2,0.0
905,623,6,1,0.05
906,624,34,3,0.0
907,625,34,1,0.05
908,625,1,6,0.0
909,626,34,1,0.1
910,627,2,1,0.0
911,627,20,2,0.05
912,627,36,2,0.0
913,628,18,5,0.1
914,628,4,4,0.1
915,628,10,6,0.05
916,629,14,1,0.0
917,630,22,2,0.05
918,631,15,5,0.2
919,631,40,3,0.15
920,631,32,4,0.1
921,632,30,4,0.1
922,633,12,4,0.0
923,634,10,3,0.0
924,634,30,2,0.0
925,634,19,3,0.0
926,635,24,5,0.2
927,636,31,2,0.0
928,637,33,1,0.05
929,637,7,5,0.15
930,638,9,6,0.05
931,638,23,1,0.05
932,639,15,1,0.1
933,640,4,1,0.15
934,641,1,5,0.0
935,642,32,2,0.0
936,643,38,5,0.05
937,643,34,1,0.0
938,643,17,3,0.1
939,644,13,6,0.0
940,645,6,6,0.0
941,646,6,6,0.05
942,647,32,2,0.0
943,648,5,6,0.0
944,649,34,6,0.0
945,650,3,4,0.05
946,650,37,4,0.0
947,651,23,6,0.15
948,652,23,3,0.05
949,652,36,1,0.0
950,653,30,3,0.05
951,654,19,6,0.0
952,654,28,5,0.15
953,655,8,2,0.1
954,656,39,1,0.0
955,656,22,6,0.0
956,657,35,6,0.0
957,658,12,3,0.05
958,659,32,4,0.05
959,660,37,3,0.0
960,660,4,4,0.1
961,660,25,1,0.0
962,661,40,5,0.0
963,662,9,1,0.2
964,662,21,3,0.0
965,663,35,6,0.0
966,664,8,4,0.0
967,664,38,2,0.0
968,665,5,2,0.0
969,666,33,2,0.0
970,666,5,6,0.15
971,667,27,5,0.15
972,668,39,1,0.0
973,668,35,2,0.1
974,668,29,3,0.15
975,669,32,6,0.0
976,669,21,2,0.0
977,670,13,5,0.05
978,670,4,2,0.05
979,671,37,4,0.0
980,672,2,4,0.05
981,673,30,1,0.2
982,674,29,2,0.0
983,674,14,4,0.15
984,674,8,4,0.1
985,675,24,4,0.1
986,675,39,4,0.05
987,676,4,6,0.1
988,676,27,5,0.0
989,677,21,1,0.05
990,677,9,5,0.1
991,677,20,1,0.0
992,678,6,3,0.05
993,678,23,4,0.0
994,679,32,6,0.05
995,680,24,4,0.0
996,681,23,4,0.0
997,681,27,3,0.1
998,682,8,1,0.0
999,682,21,4,0.05
1000,683,1,5,0.05
1001,683,12,2,0.0
1002,684,13,5,0.15
1003,684,29,2,0.0
1004,684,17,2,0.0
1005,685,10,4,0.0
1006,686,9,1,0.05
1007,686,39,3,0.0
1008,686,15,4,0.15
1009,687,20,4,0.0
1010,688,1,3,0.05
1011,688,27,5,0.15
1012,689,31,3,0.0
1013,690,12,4,0.2
1014,691,32,5,0.0
1015,692,22,4,0.15
1016,692,8,1,0.0
1017,693,17,5,0.0
1018,694,32,5,0.1
1019,695,24,6,0.05
1020,696,20,3,0.05
1021,696,36,5,0.0
1022,697,16,6,0.05
1023,698,39,1,0.1
1024,699,4,6,0.0
1025,700,18,1,0.0
1026,701,19,6,0.0
1027,702,16,6,0.05
1028,703,29,5,0.15
1029,703,30,4,0.1
1030,704,18,5,0.0
1031,705,4,3,0.0
1032,705,40,2,0.0
1033,705,5,1,0.0
1034,706,20,5,0.0
1035,707,17,6,0.15
1036,707,8,6,0.0
1037,708,1,3,0.0
1038,709,30,2,0.15
1039,709,33,4,0.05
1040,710,8,5,0.0
1041,710,1,3,0.0
1042,711,25,6,0.15
1043,712,3,5,0.15
1044,712,20,3,0.05
1045,713,32,3,0.0
1046,713,36,3,0.05
1047,714,2,5,0.0
1048,715,22,3,0.0
1049,716,16,3,0.05
1050,717,2,5,0.0
1051,717,22,1,0.0
1052,718,36,4,0.15
1053,719,34,4,0.0
1054,720,17,3,0.0
1055,721,10,4,0.05
1056,721,2,1,0.15
1057,721,25,6,0.05
1058,722,26,4,0.05
1059,722,16,2,0.0
1060,723,19,6,0.15
1061,724,15,1,0.0
1062,725,37,3,0.1
1063,725,26,5,0.05
1064,726,25,1,0.0
1065,726,6,6,0.0
1066,727,15,2,0.05
1067,728,27,3,0.0
1068,729,11,5,0.1
1069,729,8,5,0.1
1070,729,34,2,0.1
1071,730,32,5,0.05
1072,731,27,4,0.0
1073,732,28,1,0.0
1074,732,10,2,0.15
1075,733,32,2,0.05
1076,734,21,2,0.1
1077,735,31,3,0.15
1078,735,14,4,0.1
1079,735,24,3,0.2
1080,736,33,2,0.15
1081,737,39,1,0.1
1082,737,6,3,0.0
1083,737,13,3,0.15
1084,738,28,3,0.1
1085,739,29,2,0.05
1086,740,19,4,0.0
1087,740,3,6,0.0
1088,740,21,1,0.0
1089,741,39,2,0.0
1090,741,9,6,0.15
1091,742,8,4,0.05
1092,742,13,5,0.15
1093,743,23,1,0.05
1094,744,20,1,0.2
1095,745,40,4,0.2
1096,746,22,3,0.05
1097,747,14,4,0.05
1098,748,4,5,0.1
1099,748,27,3,0.05
1100,749,20,5,0.15
1101,750,40,2,0.0
1102,751,19,2,0.05
1103,752,17,1,0.0
1104,752,38,1,0.0
1105,753,19,3,0.0
1106,754,1,6,0.0
1107,754,19,2,0.0
1108,755,40,1,0.0
1109,755,33,1,0.2
1110,756,21,2,0.05
1111,756,4,3,0.0
1112,757,6,3,0.05
1113,758,7,4,0.0
1114,758,11,5,0.15
1115,759,5,6,0.0
1116,760,27,4,0.05
1117,760,22,6,0.15
1118,761,28,6,0.05
1119,762,1,5,0.0
1120,762,29,6,0.2
1121,763,3,1,0.0
1122,764,28,2,0.1
1123,765,15,1,0.2
1124,765,9,6,0.15
1125,766,33,5,0.0
1126,767,5,2,0.15
1127,768,31,1,0.05
1128,769,32,3,0.0
1129,769,14,1,0.0
1130,769,21,1,0.0
1131,770,8,2,0.05
1132,771,11,4,0.0
1133,772,27,1,0.0
1134,772,12,1,0.05
1135,773,11,4,0.05
1136,773,24,5,0.1
1137,774,25,1,0.05
1138,774,22,1,0.0
1139,775,22,5,0.2
1140,776,23,6,0.2
1141,777,22,3,0.0
1142,777,27,4,0.1
1143,778,9,4,0.1
1144,779,18,3,0.05
1145,779,13,6,0.0
1146,780,10,5,0.0
1147,781,23,4,0.05
1148,781,14,4,0.2
1149,782,17,6,0.0
1150,783,36,4,0.2
1151,783,16,5,0.0
1152,784,26,2,0.05
1153,785,17,6,0.05
1154,786,37,1,0.05
1155,786,9,2,0.15
1156,786,21,1,0.15
1157,787,24,2,0.0
1158,787,34,2,0.0
1159,788,2,5,0.05
1160,788,39,3,0.15
1161,788,35,2,0.1
1162,789,18,2,0.1
1163,790,18,1,0.0
1164,790,30,6,0.05
1165,790,10,2,0.0
1166,791,36,1,0.1
1167,792,39,6,0.0
1168,792,30,2,0.05
1169,793,1,5,0.1
1170,793,30,5,0.0
1171,793,25,4,0.05
1172,794,7,4,0.0
1173,795,13,5,0.0
1174,795,31,5,0.05
1175,795,25,4,0.1
1176,796,25,2,0.1
1177,797,8,1,0.0
1178,797,38,3,0.0
1179,798,15,4,0.0
1180,798,23,6,0.0
1181,799,18,5,0.0
1182,800,35,6,0.15
1183,801,1,2,0.0
1184,801,11,2,0.0
1185,802,29,5,0.05
1186,803,30,6,0.0
1187,803,26,3,0.0
1188,804,7,2,0.0
1189,805,21,2,0.15
1190,805,26,5,0.0
1191,806,18,1,0.0
1192,806,24,5,0.05
1193,807,34,1,0.1
1194,808,38,5,0.2
1195,809,7,6,0.15
1196,810,34,1,0.1
1197,811,34,1,0.0
1198,811,18,6,0.0
1199,812,25,1,0.2
1200,812,3,4,0.1
1201,813,11,6,0.05
1202,813,8,6,0.0
1203,814,40,1,0.0
1204,815,35,2,0.1
1205,816,7,1,0.05
1206,816,22,6,0.0
1207,817,28,1,0.0
1208,818,38,2,0.2
1209,818,6,2,0.05
1210,819,22,6,0.0
1211,820,1,4,0.0
1212,821,37,5,0.15
1213,822,4,3,0.1
1214,823,1,4,0.0
1215,824,29,2,0.05
1216,825,26,4,0.2
1217,826,39,1,0.0
1218,826,2,1,0.0
1219,827,25,6,0.1
1220,828,19,3,0.0
1221,829,20,1,0.0
1222,829,13,3,0.05
1223,829,21,2,0.05
1224,830,6,6,0.15
1225,830,22,2,0.0
1226,831,15,4,0.0
1227,832,9,3,0.2
1228,833,4,5,0.0
1229,833,13,1,0.0
1230,833,33,4,0.1
1231,834,13,5,0.0
1232,835,16,5,0.1
1233,835,37,5,0.1
1234,835,33,4,0.0
1235,836,29,1,0.0
1236,837,5,5,0.05
1237,838,9,3,0.0
1238,838,23,1,0.05
1239,838,40,4,0.1
1240,839,19,5,0.2
1241,839,17,6,0.0
1242,840,16,3,0.0
1243,841,17,4,0.15
1244,841,2,3,0.0
1245,842,14,2,0.0
1246,843,16,4,0.0
1247,843,20,4,0.1
1248,843,28,2,0.0
1249,844,39,3,0.15
1250,845,22,1,0.1
1251,846,33,4,0.0
1252,846,15,6,0.15
1253,847,11,1,0.0
1254,847,28,3,0.05
1255,848,9,5,0.0
1256,849,36,1,0.0
1257,849,10,6,0.05
1258,849,16,3,0.0
1259,850,16,2,0.0
1260,850,9,1,0.0
1261,851,13,3,0.05
1262,852,40,1,0.05
1263,852,29,2,0.05
1264,853,35,3,0.1
1265,853,27,6,0.0
1266,854,1,2,0.05
1267,855,10,2,0.05
1268,856,35,5,0.1
1269,856,8,6,0.1
1270,856,2,1,0.0
1271,857,17,4,0.0
1272,857,21,6,0.0
1273,857,32,4,0.15
1274,858,31,3,0.0
1275,859,37,6,0.0
1276,859,14,2,0.0
1277,860,36,1,0.0
1278,860,3,4,0.1
1279,861,5,5,0.05
1280,861,33,4,0.0
1281,862,30,1,0.1
1282,862,40,5,0.0
1283,863,28,2,0.15
1284,864,13,6,0.05
1285,865,27,1,0.05
1286,865,29,6,0.0
1287,866,3,6,0.0
1288,867,33,4,0.1
1289,868,39,4,0.0
1290,868,14,2,0.0
1291,868,34,3,0.0
1292,869,17,6,0.0
1293,869,15,6,0.0
1294,870,23,5,0.1
1295,871,17,4,0.0
1296,872,33,1,0.0
1297,873,20,5,0.2
1298,874,12,5,0.15
1299,875,9,4,0.0
1300,876,5,6,0.2
1301,877,37,4,0.05
1302,877,31,2,0.1
1303,877,22,1,0.0
1304,878,35,1,0.0
1305,878,25,1,0.15
1306,878,26,4,0.1
1307,879,16,3,0.05
1308,880,35,4,0.0
1309,881,32,3,0.15
1310,882,9,4,0.15
1311,883,17,4,0.05
1312,883,2,1,0.0
1313,884,8,2,0.05
1314,884,33,2,0.0
1315,885,21,4,0.1
1316,886,24,2,0.05
1317,887,39,5,0.1
1318,887,2,3,0.0
1319,887,20,1,0.05
1320,888,36,6,0.0
1321,889,14,1,0.1
1322,890,2,6,0.0
1323,891,27,3,0.0
1324,892,38,4,0.0
1325,893,23,4,0.05
1326,893,4,3,0.05
1327,893,34,4,0.0
1328,894,2,6,0.0
1329,895,11,6,0.15
1330,896,21,5,0.0
1331,897,34,5,0.0
1332,897,28,3,0.0
1333,898,22,6,0.15
1334,898,18,5,0.15
1335,899,32,4,0.0
1336,900,30,1,0.05
1337,901,21,6,0.2
1338,901,31,3,0.2
1339,901,19,5,0.15
1340,902,24,2,0.0
1341,903,1,3,0.15
1342,904,31,3,0.05
1343,905,10,1,0.0
1344,906,15,4,0.05
1345,907,37,3,0.0
1346,908,28,1,0.2
1347,908,24,4,0.1
1348,909,9,4,0.15
1349,909,31,6,0.1
1350,910,32,2,0.0
1351,910,23,5,0.1
1352,911,28,5,0.0
1353,912,20,3,0.0
1354,912,10,5,0.1
1355,913,14,3,0.0
1356,914,16,1,0.0
1357,914,14,4,0.05
1358,915,21,3,0.0
1359,916,23,1,0.1
1360,916,14,6,0.0
1361,917,35,3,0.15
1362,917,11,6,0.0
1363,917,33,2,0.15
1364,918,12,3,0.0
1365,918,34,2,0.0
1366,918,29,2,0.15
1367,919,7,4,0.1
1368,919,37,3,0.15
1369,920,4,3,0.1
1370,920,19,1,0.15
1371,920,32,6,0.0
1372,921,38,5,0.1
1373,921,32,4,0.1
1374,922,35,1,0.0
1375,922,36,6,0.0
1376,923,14,6,0.2
1377,924,20,4,0.1
1378,925,35,3,0.0
1379,925,2,5,0.15
1380,926,5,4,0.15
1381,927,18,6,0.05
1382,927,32,2,0.15
1383,927,34,4,0.0
1384,928,10,4,0.05
1385,929,37,5,0.0
1386,930,28,4,0.0
1387,930,37,6,0.0
1388,931,1,4,0.15
1389,932,20,6,0.0
1390,933,36,3,0.0
1391,934,2,1,0.05
1392,935,9,6,0.0
1393,935,33,4,0.1
1394,936,31,3,0.2
1395,937,15,3,0.05
1396,938,37,2,0.2
1397,938,25,5,0.0
1398,939,34,3,0.15
1399,940,10,2,0.0
1400,941,40,3,0.1
1401,942,7,3,0.05
1402,942,27,4,0.15
1403,943,26,2,0.05
1404,943,22,6,0.05
1405,944,18,2,0.0
1406,945,27,4,0.0
1407,946,40,6,0.15
1408,947,33,2,0.15
1409,947,17,6,0.05
1410,948,34,5,0.2
1411,949,27,1,0.0
1412,950,9,1,0.0
1413,950,5,5,0.2
1414,950,3,1,0.15
1415,951,33,6,0.05
1416,951,12,6,0.2
1417,952,11,6,0.05
1418,952,13,4,0.0
1419,952,2,6,0.2
1420,953,38,6,0.0
1421,954,15,4,0.0
1422,955,9,6,0.1
1423,956,26,4,0.1
1424,957,5,6,0.0
1425,958,18,4,0.05
1426,959,28,3,0.05
1427,959,19,4,0.05
1428,960,10,6,0.0
1429,960,32,6,0.1
1430,960,2,4,0.05
1431,961,24,1,0.15
1432,962,40,3,0.15
1433,962,20,5,0.0
1434,963,27,5,0.0
1435,963,32,4,0.0
1436,963,14,4,0.1
1437,964,5,1,0.0
1438,964,32,6,0.05
1439,965,7,5,0.1
1440,966,30,2,0.0
1441,967,12,5,0.0
1442,968,33,4,0.1
1443,968,17,6,0.2
1444,969,13,5,0.0
1445,969,4,6,0.2
1446,970,8,2,0.0
1447,971,30,2,0.0
1448,972,34,3,0.1
1449,973,1,2,0.1
1450,974,13,2,0.0
1451,975,28,6,0.0
1452,976,32,1,0.05
1453,976,23,4,0.05
1454,976,17,6,0.05
1455,977,11,6,0.0
1456,978,11,3,0.15
1457,979,26,6,0.0
1458,980,34,4,0.0
1459,981,7,5,0.15
1460,982,17,4,0.2
1461,982,22,6,0.1
1462,983,16,1,0.1
1463,983,31,2,0.0
1464,984,24,4,0.0
1465,984,4,2,0.05
1466,985,36,2,0.0
1467,986,31,1,0.05
1468,987,30,3,0.1
1469,988,10,5,0.05
1470,988,37,1,0.1
1471,989,5,5,0.0
1472,989,31,1,0.0
1473,989,16,1,0.15
1474,990,21,5,0.05
1475,990,39,1,0.0
1476,991,40,2,0.0
1477,992,10,3,0.05
1478,993,23,3,0.05
1479,993,9,2,0.0
1480,994,27,4,0.0
1481,995,6,5,0.2
1482,995,1,1,0.0
1483,996,16,6,0.2
1484,996,14,2,0.15
1485,997,19,4,0.0
1486,997,17,6,0.1
1487,997,27,3,0.1
1488,998,28,5,0.05
1489,998,38,2,0.1
1490,999,14,5,0.1
1491,999,26,6,0.0
1492,1000,39,1,0.0
1493,1000,37,3,0.0
1494,1001,26,1,0.05
1495,1002,2,1,0.0
1496,1002,4,5,0.05
1497,1003,6,1,0.15
1498,1004,24,6,0.2
1499,1005,16,3,0.2
1500,1006,34,5,0.0
1501,1006,13,3,0.0
1502,1007,12,6,0.0
1503,1008,7,3,0.05
1504,1008,20,2,0.1
1505,1009,32,2,0.05
1506,1010,14,5,0.05
1507,1011,11,6,0.2
1508,1011,4,4,0.1
1509,1011,9,4,0.15
1510,1012,29,2,0.2
1511,1012,23,5,0.15
1512,1013,15,5,0.0
1513,1014,23,3,0.05
1514,1015,26,3,0.0
1515,1016,19,5,0.0
1516,1017,25,6,0.05
1517,1018,37,4,0.05
1518,1018,10,3,0.05
1519,1019,16,5,0.0
1520,1019,7,2,0.05
1521,1020,38,1,0.1
1522,1020,31,6,0.05
1523,1021,30,1,0.2
1524,1022,5,5,0.05
1525,1022,22,6,0.0
1526,1023,25,5,0.05
1527,1024,26,1,0.0
1528,1025,5,2,0.0
1529,1026,10,5,0.05
1530,1027,30,5,0.0
1531,1028,29,3,0.0
1532,1029,1,1,0.05
1533,1029,13,3,0.0
1534,1030,14,2,0.0
1535,1031,36,1,0.0
1536,1031,1,5,0.05
1537,1032,12,1,0.0
1538,1033,14,1,0.0
1539,1034,32,2,0.1
1540,1034,33,6,0.1
1541,1035,26,6,0.05
1542,1036,26,5,0.2
1543,1036,21,5,0.05
1544,1037,18,4,0.0
1545,1038,2,1,0.0
1546,1039,17,6,0.0
1547,1040,25,3,0.15
1548,1040,5,3,0.05
1549,1041,10,3,0.0
1550,1041,1,4,0.2
1551,1042,36,1,0.05
1552,1043,21,6,0.05
1553,1043,6,4,0.05
1554,1044,24,6,0.0
1555,1045,11,5,0.0
1556,1046,23,2,0.1
1557,1047,29,1,0.15
1558,1048,4,4,0.2
1559,1049,7,2,0.0
1560,1049,37,6,0.0
1561,1050,11,2,0.1
1562,1051,20,1,0.05
1563,1052,39,5,0.1
1564,1052,3,3,0.0
1565,1053,7,5,0.0
1566,1053,8,5,0.15
1567,1054,24,3,0.0
1568,1055,8,4,0.0
1569,1056,12,3,0.0
1570,1057,5,6,0.0
1571,1057,24,6,0.0
1572,1058,8,6,0.0
1573,1059,22,6,0.2
1574,1060,9,3,0.15
1575,1061,17,5,0.05
1576,1061,33,1,0.05
1577,1061,8,5,0.0
1578,1062,26,2,0.0
1579,1062,2,4,0.0
1580,1063,18,1,0.05
1581,1064,30,4,0.0
1582,1065,6,4,0.15
1583,1066,2,1,0.05
1584,1066,1,3,0.05
1585,1066,38,1,0.0
1586,1067,26,2,0.15
1587,1067,12,2,0.05
1588,1068,22,4,0.0
1589,1068,15,2,0.1
1590,1069,13,6,0.1
1591,1070,11,2,0.05
1592,1070,30,5,0.0
1593,1071,14,2,0.05
1594,1072,9,2,0.1
1595,1072,36,3,0.0
1596,1073,5,5,0.2
1597,1073,17,5,0.0
1598,1074,38,1,0.05
1599,1074,27,1,0.05
1600,1075,28,4,0.1
1601,1076,13,2,0.15
1602,1077,6,5,0.0
1603,1078,29,3,0.0
1604,1079,16,3,0.1
1605,1080,22,1,0.0
1606,1081,3,3,0.2
1607,1081,27,3,0.05
1608,1082,39,5,0.15
1609,1082,19,6,0.0
1610,1082,27,2,0.15
1611,1083,11,5,0.0
1612,1084,37,5,0.0
1613,1084,18,5,0.0
1614,1085,5,3,0.15
1615,1085,19,5,0.2
1616,1086,4,6,0.05
1617,1086,27,2,0.05
1618,1087,8,4,0.0
1619,1088,10,4,0.05
1620,1089,22,1,0.0
1621,1090,8,3,0.0
1622,1091,22,5,0.0
1623,1092,18,5,0.0
1624,1093,38,4,0.0
1625,1094,11,4,0.0
1626,1095,10,5,0.05
1627,1096,10,1,0.0
1628,1096,6,3,0.0
1629,1096,9,2,0.0
1630,1097,10,6,0.15
1631,1097,20,2,0.1
1632,1098,37,4,0.15
1633,1098,22,6,0.0
1634,1098,34,6,0.05
1635,1099,10,2,0.05
1636,1100,20,2,0.0
1637,1101,8,5,0.0
1638,1102,3,6,0.0
1639,1103,6,4,0.1
1640,1104,33,5,0.1
1641,1105,14,5,0.15
1642,1106,2,4,0.0
1643,1107,29,3,0.0
1644,1107,23,1,0.1
1645,1108,16,1,0.0
1646,1108,3,1,0.15
1647,1109,33,5,0.0
1648,1110,13,4,0.0
1649,1111,36,1,0.0
1650,1112,19,6,0.1
1651,1113,7,5,0.1
1652,1114,15,4,0.0
1653,1114,40,4,0.05
1654,1114,26,2,0.05
1655,1115,10,3,0.05
1656,1115,4,4,0.0
1657,1116,3,2,0.0
1658,1116,24,2,0.15
1659,1117,35,5,0.0
1660,1118,12,2,0.0
1661,1118,3,6,0.05
1662,1119,32,2,0.15
1663,1119,40,4,0.2
1664,1120,17,1,0.05
1665,1121,18,5,0.0
1666,1122,13,4,0.0
1667,1122,37,6,0.0
1668,1123,36,6,0.15
1669,1124,30,1,0.0
1670,1125,16,3,0.15
1671,1126,10,6,0.0
1672,1127,9,2,0.0
1673,1127,4,2,0.0
1674,1128,13,6,0.15
1675,1129,10,4,0.1
1676,1129,26,4,0.0
1677,1130,13,2,0.0
1678,1130,20,2,0.0
1679,1131,21,2,0.1
1680,1132,13,6,0.0
1681,1132,29,2,0.0
1682,1133,19,6,0.0
1683,1134,28,2,0.0
1684,1135,15,2,0.0
1685,1136,29,2,0.0
1686,1137,9,5,0.0
1687,1137,37,1,0.05
1688,1138,24,6,0.0
1689,1138,5,2,0.05
1690,1138,19,6,0.0
1691,1139,12,5,0.0
1692,1140,12,2,0.0
1693,1140,6,1,0.0
1694,1140,4,6,0.0
1695,1141,13,4,0.0
1696,1142,13,6,0.05
1697,1143,24,1,0.05
1698,1143,26,4,0.05
1699,1144,15,3,0.0
1700,1144,26,2,0.05
1701,1145,28,6,0.0
1702,1145,12,4,0.05
1703,1146,1,4,0.0
1704,1147,35,2,0.0
1705,1147,26,5,0.05
1706,1147,39,2,0.0
1707,1148,28,6,0.0
1708,1149,32,5,0.0
1709,1150,11,1,0.2
1710,1150,6,3,0.0
1711,1151,30,6,0.0
1712,1152,5,1,0.1
1713,1153,2,2,0.0
1714,1154,25,5,0.05
1715,1155,38,2,0.0
1716,1156,33,6,0.0
1717,1156,21,4,0.0
1718,1156,34,5,0.0
1719,1157,9,4,0.2
1720,1158,17,3,0.1
1721,1158,30,6,0.0
1722,1159,37,6,0.1
1723,1160,22,4,0.2
1724,1161,18,6,0.15
1725,1162,36,4,0.0
1726,1162,15,5,0.2
1727,1163,36,2,0.15
1728,1163,22,3,0.1
1729,1164,12,4,0.1
1730,1165,25,3,0.15
1731,1165,15,3,0.1
1732,1166,34,4,0.05
1733,1166,1,6,0.0
1734,1167,27,2,0.0
1735,1168,16,2,0.0
1736,1169,36,6,0.15
1737,1170,7,3,0.0
1738,1171,31,1,0.0
1739,1172,34,1,0.0
1740,1172,26,1,0.0
1741,1172,23,5,0.2
1742,1173,3,3,0.2
1743,1173,20,2,0.2
1744,1174,14,3,0.15
1745,1175,30,6,0.15
1746,1175,4,2,0.0
1747,1176,20,4,0.05
1748,1176,26,6,0.0
1749,1177,4,6,0.0
1750,1177,32,4,0.0
1751,1178,25,3,0.0
1752,1178,34,4,0.2
1753,1179,30,5,0.0
1754,1180,39,3,0.15
1755,1180,23,5,0.2
1756,1181,32,4,0.1
1757,1181,26,2,0.0
1758,1181,25,2,0.1
1759,1182,39,6,0.0
1760,1183,16,6,0.0
1761,1184,8,6,0.1
1762,1184,39,1,0.1
1763,1184,31,3,0.15
1764,1185,9,6,0.1
1765,1186,7,4,0.15
1766,1187,12,1,0.0
1767,1188,33,4,0.05
1768,1188,34,1,0.0
1769,1189,4,4,0.0
1770,1190,28,1,0.0
1771,1191,7,4,0.1
1772,1191,2,2,0.05
1773,1192,7,6,0.0
1774,1193,7,4,0.0
1775,1193,11,4,0.0
1776,1194,33,6,0.2
1777,1195,31,2,0.15
1778,1195,33,6,0.0
1779,1195,10,6,0.15
1780,1196,23,3,0.1
1781,1196,19,4,0.0
1782,1197,30,5,0.0
1783,1197,35,2,0.0
1784,1198,25,2,0.0
1785,1199,38,6,0.0
1786,1200,38,1,0.1
1787,1200,1,2,0.0
1788,1201,15,1,0.0
1789,1201,28,4,0.0
1790,1201,33,1,0.0
1791,1202,38,4,0.0
1792,1202,20,1,0.0
1793,1203,24,6,0.1
1794,1203,22,6,0.2
1795,1203,17,6,0.1
1796,1204,38,3,0.0
1797,1204,26,1,0.0
1798,1205,17,5,0.05
1799,1206,35,5,0.0
1800,1206,31,4,0.2
1801,1207,2,3,0.0
1802,1208,34,4,0.05
1803,1208,36,5,0.1
1804,1209,23,5,0.1
1805,1209,2,6,0.0
1806,1210,5,1,0.05
1807,1210,15,3,0.0
1808,1211,15,5,0.0
1809,1212,9,3,0.2
1810,1213,7,3,0.0
1811,1214,33,4,0.1
1812,1215,2,1,0.1
1813,1216,25,2,0.2
1814,1217,12,2,0.1
1815,1218,32,6,0.15
1816,1219,18,6,0.0
1817,1219,31,2,0.0
1818,1220,7,6,0.05
1819,1221,3,3,0.2
1820,1221,4,4,0.0
1821,1222,1,1,0.1
1822,1223,32,3,0.1
1823,1224,36,2,0.0
1824,1225,20,5,0.15
1825,1225,17,4,0.0
1826,1226,3,3,0.05
1827,1227,9,3,0.15
1828,1228,11,4,0.05
1829,1229,5,2,0.1
1830,1230,11,6,0.05
1831,1231,36,2,0.0
1832,1231,11,3,0.1
1833,1232,13,6,0.15
1834,1233,11,3,0.0
1835,1234,38,6,0.0
1836,1235,15,3,0.05
1837,1236,22,4,0.05
1838,1237,2,1,0.05
1839,1238,39,6,0.1
1840,1239,1,3,0.2
1841,1240,38,1,0.0
1842,1241,13,1,0.0
1843,1241,39,4,0.0
1844,1242,25,2,0.2
1845,1243,23,5,0.15
1846,1243,11,1,0.0
1847,1243,29,5,0.05
1848,1244,22,6,0.0
1849,1245,40,1,0.05
1850,1246,17,6,0.0
1851,1247,12,2,0.05
1852,1248,15,4,0.0
1853,1248,30,3,0.1
1854,1249,18,1,0.0
1855,1249,32,1,0.0
1856,1250,16,6,0.2
1857,1250,5,1,0.0
1858,1250,9,5,0.05
1859,1251,10,4,0.05
1860,1251,27,6,0.15
1861,1252,12,2,0.0
1862,1252,2,5,0.0
1863,1253,36,4,0.2
1864,1253,37,6,0.0
1865,1254,31,4,0.0
1866,1255,29,3,0.2
1867,1256,10,6,0.1
1868,1257,1,5,0.05
1869,1257,22,2,0.0
1870,1257,29,2,0.0
1871,1258,19,1,0.0
1872,1259,7,2,0.0
1873,1259,2,4,0.0
1874,1259,30,4,0.05
1875,1260,40,3,0.1
1876,1261,25,1,0.0
1877,1262,4,5,0.0
1878,1263,35,3,0.0
1879,1264,40,2,0.0
1880,1264,35,6,0.15
1881,1265,9,3,0.0
1882,1266,28,6,0.05
1883,1267,39,1,0.0
1884,1267,32,5,0.05
1885,1268,36,6,0.0
1886,1269,8,5,0.2
1887,1269,32,3,0.0
1888,1270,33,5,0.1
1889,1270,10,2,0.05
1890,1270,8,6,0.2
1891,1271,8,6,0.0
1892,1272,1,1,0.0
1893,1272,39,5,0.0
1894,1273,1,1,0.0
1895,1274,14,5,0.05
1896,1274,4,6,0.1
1897,1275,17,3,0.05
1898,1276,32,1,0.05
1899,1277,9,2,0.2
1900,1277,28,2,0.05
1901,1278,32,3,0.0
1902,1278,1,6,0.15
1903,1279,4,3,0.0
1904,1279,14,1,0.05
1905,1280,34,5,0.0
1906,1281,36,6,0.05
1907,1282,36,3,0.0
1908,1283,27,4,0.0
1909,1284,6,2,0.05
1910,1285,19,2,0.05
1911,1285,15,1,0.0
1912,1285,1,2,0.15
1913,1286,18,4,0.0
1914,1287,36,1,0.15
1915,1288,33,6,0.05
1916,1289,35,6,0.0
1917,1290,38,2,0.0
1918,1290,15,4,0.0
1919,1291,21,1,0.0
1920,1291,32,1,0.0
1921,1292,9,1,0.15
1922,1293,13,6,0.0
1923,1294,10,1,0.05
1924,1294,14,1,0.0
1925,1295,19,3,0.2
1926,1296,6,5,0.0
1927,1297,29,5,0.15
1928,1297,24,3,0.15
1929,1298,20,3,0.15
1930,1299,39,2,0.1
1931,1300,4,4,0.15
1932,1301,13,1,0.0
1933,1302,38,4,0.0
1934,1303,6,4,0.0
1935,1303,13,4,0.05
1936,1303,19,4,0.05
1937,1304,19,5,0.05
1938,1304,26,6,0.15
1939,1305,10,2,0.2
1940,1306,36,1,0.0
1941,1306,30,3,0.0
1942,1306,2,2,0.0
1943,1307,40,6,0.0
1944,1308,40,6,0.2
1945,1308,25,3,0.0
1946,1309,21,5,0.15
1947,1310,9,1,0.0
1948,1311,27,2,0.1
1949,1312,37,3,0.0
1950,1313,31,1,0.15
1951,1314,36,4,0.1
1952,1315,21,5,0.05
1953,1316,35,1,0.05
1954,1317,5,5,0.05
1955,1317,7,1,0.15
1956,1318,24,4,0.0
1957,1318,10,3,0.05
1958,1319,18,5,0.1
1959,1320,35,1,0.0
1960,1321,33,2,0.05
1961,1322,19,5,0.0
1962,1322,28,4,0.0
1963,1322,10,3,0.0
1964,1323,14,4,0.05
1965,1323,31,3,0.1
1966,1324,18,6,0.05
1967,1325,39,5,0.15
1968,1326,39,1,0.15
1969,1326,23,1,0.2
1970,1327,9,5,0.05
1971,1327,31,6,0.05
1972,1328,18,3,0.05
1973,1329,28,4,0.0
1974,1329,5,5,0.05
1975,1330,2,1,0.0
1976,1331,20,1,0.05
1977,1331,38,4,0.0
1978,1332,7,3,0.0
1979,1333,14,4,0.1
1980,1333,18,2,0.2
1981,1333,13,5,0.05
1982,1334,37,2,0.0
1983,1334,12,5,0.15
1984,1334,25,3,0.0
1985,1335,18,6,0.0
1986,1336,3,5,0.0
1987,1337,22,1,0.0
1988,1338,18,4,0.0
1989,1339,23,5,0.05
1990,1340,15,1,0.05
1991,1341,3,1,0.2
1992,1342,21,4,0.2
1993,1343,40,6,0.0
1994,1344,2,3,0.0
1995,1345,11,5,0.0
1996,1345,14,3,0.0
1997,1346,35,3,0.0
1998,1347,5,6,0.1
1999,1348,23,1,0.05
2000,1349,29,5,0.0
2001,1349,27,6,0.2
2002,1350,16,4,0.15
2003,1350,11,1,0.1
2004,1350,9,6,0.0
2005,1351,21,1,0.0
2006,1351,3,6,0.2
2007,1351,23,4,0.1
2008,1352,39,2,0.2
2009,1353,10,1,0.1
2010,1354,7,4,0.05
2011,1354,13,3,0.0
2012,1355,25,5,0.0
2013,1356,38,6,0.0
2014,1356,27,3,0.1
2015,1357,16,4,0.0
2016,1357,20,6,0.1
2017,1358,32,1,0.1
2018,1359,5,4,0.0
2019,1360,1,6,0.0
2020,1360,23,3,0.1
2021,1361,19,4,0.1
2022,1362,2,3,0.15
2023,1363,31,4,0.0
2024,1363,1,4,0.0
2025,1363,29,6,0.0
2026,1364,10,6,0.0
2027,1365,24,6,0.15
2028,1366,36,6,0.15
2029,1366,25,5,0.0
2030,1367,31,1,0.05
2031,1368,35,1,0.05
2032,1368,24,1,0.1
2033,1369,13,6,0.15
2034,1370,16,4,0.1
2035,1371,27,6,0.0
2036,1371,29,5,0.15
2037,1371,23,1,0.05
2038,1372,21,2,0.0
2039,1373,36,4,0.0
2040,1373,27,6,0.0
2041,1374,34,4,0.15
2042,1374,18,2,0.0
2043,1375,26,1,0.0
2044,1375,29,3,0.2
2045,1376,9,3,0.2
2046,1377,4,5,0.1
2047,1378,27,6,0.2
2048,1379,12,3,0.1
2049,1379,19,6,0.0
2050,1379,38,6,0.15
2051,1380,34,3,0.0
2052,1380,30,6,0.15
2053,1380,7,6,0.0
2054,1381,29,3,0.0
2055,1381,38,2,0.2
2056,1382,15,6,0.0
2057,1383,17,2,0.05
2058,1384,37,3,0.05
2059,1384,11,3,0.05
2060,1384,36,6,0.2
2061,1385,23,3,0.0
2062,1386,29,3,0.0
2063,1387,8,6,0.0
2064,1387,25,4,0.05
2065,1388,35,3,0.05
2066,1389,30,5,0.2
2067,1390,5,4,0.0
2068,1391,33,4,0.0
2069,1391,8,3,0.0
2070,1392,16,4,0.0
2071,1393,25,5,0.2
2072,1393,1,4,0.0
2073,1394,30,1,0.0
2074,1394,34,1,0.0
2075,1394,28,1,0.15
2076,1395,31,5,0.1
2077,1396,1,4,0.05
2078,1397,31,1,0.0
2079,1398,16,2,0.0
2080,1399,30,1,0.0
2081,1399,3,3,0.0
2082,1400,12,3,0.1
2083,1400,7,2,0.05
2084,1401,12,5,0.15
2085,1402,3,4,0.1
2086,1403,26,1,0.0
2087,1404,16,2,0.1
2088,1405,25,4,0.0
2089,1406,40,5,0.05
2090,1407,5,6,0.0
2091,1407,22,5,0.0
2092,1408,13,4,0.15
2093,1409,14,3,0.0
2094,1410,28,1,0.0
2095,1411,39,1,0.05
2096,1412,36,5,0.0
2097,1413,4,5,0.0
2098,1414,37,4,0.1
2099,1415,11,5,0.0
2100,1416,2,1,0.05
2101,1417,7,5,0.0
2102,1417,35,1,0.05
2103,1418,1,4,0.0
2104,1418,34,1,0.0
2105,1419,21,2,0.0
2106,1420,22,1,0.0
2107,1420,25,6,0.05
2108,1421,39,3,0.1
2109,1422,3,1,0.1
2110,1423,27,1,0.0
2111,1423,16,1,0.05
2112,1423,33,4,0.05
2113,1424,25,6,0.2
2114,1425,27,1,0.0
2115,1425,26,6,0.0
2116,1426,29,4,0.0
2117,1427,29,6,0.15
2118,1427,14,5,0.05
2119,1428,36,2,0.2
2120,1428,7,2,0.1
2121,1429,36,6,0.1
2122,1430,39,4,0.05
2123,1431,36,4,0.2
2124,1432,33,3,0.0
2125,1433,32,6,0.0
2126,1434,39,3,0.0
2127,1435,38,6,0.0
2128,1436,14,4,0.0
2129,1437,11,5,0.0
2130,1438,18,1,0.0
2131,1439,4,5,0.1
2132,1439,13,5,0.0
2133,1440,39,1,0.05
2134,1441,4,4,0.0
2135,1441,12,1,0.15
2136,1442,23,6,0.15
2137,1443,6,2,0.0
2138,1444,33,6,0.05
2139,1445,17,2,0.05
2140,1446,34,4,0.0
2141,1446,11,4,0.0
2142,1447,38,4,0.0
2143,1448,2,5,0.05
2144,1448,29,2,0.05
2145,1449,14,5,0.05
2146,1450,4,6,0.0
2147,1450,1,5,0.0
2148,1451,37,1,0.0
2149,1452,39,6,0.0
2150,1452,33,2,0.05
2151,1453,19,2,0.0
2152,1453,3,3,0.1
2153,1454,12,2,0.05
2154,1455,4,4,0.0
2155,1456,19,3,0.0
2156,1456,24,2,0.15
2157,1456,34,5,0.0
2158,1457,11,1,0.0
2159,1457,1,6,0.0
2160,1458,23,5,0.0
2161,1458,14,4,0.0
2162,1459,3,6,0.0
2163,1460,38,1,0.0
2164,1461,28,1,0.05
2165,1462,12,3,0.2
2166,1462,7,4,0.15
2167,1462,37,4,0.0
2168,1463,11,2,0.0
2169,1463,9,6,0.05
2170,1464,28,6,0.1
2171,1465,24,3,0.1
2172,1465,40,6,0.0
2173,1466,13,4,0.2
2174,1466,12,5,0.1
2175,1467,5,5,0.0
2176,1468,30,2,0.0
2177,1468,27,1,0.05
2178,1469,3,6,0.1
2179,1470,17,6,0.0
2180,1471,24,2,0.0
2181,1472,6,5,0.05
2182,1472,23,2,0.0
2183,1472,40,4,0.1
2184,1473,10,5,0.15
2185,1474,35,6,0.0
2186,1474,39,1,0.15
2187,1475,30,1,0.0
2188,1476,28,4,0.0
2189,1476,36,2,0.05
2190,1477,29,5,0.15
2191,1477,9,1,0.0
2192,1478,36,2,0.1
2193,1479,39,5,0.05
2194,1480,29,3,0.0
2195,1480,30,3,0.0
2196,1480,5,2,0.2
2197,1481,6,5,0.05
2198,1481,3,4,0.05
2199,1482,20,1,0.0
2200,1482,12,3,0.0
2201,1483,34,3,0.2
2202,1483,26,6,0.15
2203,1484,7,5,0.15
2204,1484,19,6,0.15
2205,1485,20,5,0.1
2206,1485,35,1,0.15
2207,1485,21,4,0.2
2208,1486,6,5,0.0
2209,1487,20,2,0.0
2210,1487,12,1,0.0
2211,1488,28,6,0.1
2212,1489,15,6,0.0
2213,1489,5,6,0.0
2214,1490,37,3,0.0
2215,1490,20,3,0.0
2216,1491,20,2,0.0
2217,1492,40,6,0.0
2218,1493,4,3,0.0
2219,1494,36,2,0.05
2220,1494,26,4,0.1
2221,1494,14,6,0.0
2222,1495,3,2,0.0
2223,1495,10,3,0.2
2224,1496,6,3,0.0
2225,1497,36,4,0.1
2226,1498,30,2,0.15
2227,1499,6,1,0.0
2228,1500,33,6,0.1
2229,1500,13,1,0.0
2230,1501,39,1,0.0
2231,1502,9,4,0.0
2232,1502,40,2,0.0
2233,1503,15,3,0.0
2234,1504,16,3,0.2
2235,1504,17,3,0.15
2236,1505,32,5,0.0
2237,1506,26,3,0.15
2238,1506,35,5,0.05
2239,1506,16,5,0.1
2240,1507,7,2,0.0
2241,1508,36,1,0.2
2242,1508,39,5,0.0
2243,1508,7,5,0.0
2244,1509,40,6,0.15
2245,1509,5,5,0.0
2246,1510,26,2,0.0
2247,1510,3,1,0.0
2248,1511,31,5,0.0
2249,1512,4,1,0.0
2250,1513,22,6,0.0
2251,1514,40,1,0.0
2252,1515,34,1,0.2
2253,1515,4,3,0.2
2254,1516,35,3,0.0
2255,1516,33,5,0.0
2256,1517,32,3,0.15
2257,1518,26,3,0.0
2258,1519,36,4,0.15
2259,1520,13,2,0.0
2260,1520,25,3,0.2
2261,1521,39,3,0.05
2262,1522,4,5,0.0
2263,1523,36,1,0.2
2264,1524,10,6,0.0
2265,1524,21,6,0.0
2266,1525,23,3,0.0
2267,1526,32,3,0.0
2268,1527,2,4,0.1
2269,1527,18,4,0.0
2270,1528,6,6,0.05
2271,1528,38,2,0.0
2272,1528,5,4,0.0
2273,1529,10,3,0.0
2274,1529,33,1,0.0
2275,1530,37,2,0.15
2276,1531,35,5,0.1
2277,1532,2,2,0.05
2278,1532,25,5,0.15
2279,1532,19,4,0.0
2280,1533,40,3,0.05
2281,1534,18,6,0.2
2282,1535,35,4,0.1
2283,1536,5,3,0.1
2284,1537,40,6,0.05
2285,1538,29,5,0.05
2286,1539,3,3,0.0
2287,1539,4,3,0.1
2288,1539,39,2,0.0
2289,1540,17,5,0.0
2290,1541,34,4,0.0
2291,1542,18,1,0.2
2292,1542,25,6,0.0
2293,1542,24,1,0.0
2294,1543,5,5,0.05
2295,1543,36,2,0.0
2296,1543,22,1,0.0
2297,1544,26,4,0.0
2298,1545,1,1,0.15
2299,1546,15,1,0.1
2300,1546,29,2,0.1
2301,1546,18,3,0.0
2302,1547,9,6,0.1
2303,1547,1,6,0.1
2304,1548,6,3,0.0
2305,1548,15,5,0.1
2306,1549,22,2,0.0
2307,1549,5,4,0.15
2308,1550,10,4,0.15
2309,1551,33,1,0.2
2310,1551,18,6,0.1
2311,1552,34,2,0.1
2312,1553,10,6,0.05
2313,1553,26,6,0.0
2314,1554,33,5,0.0
2315,1554,11,4,0.0
2316,1555,40,4,0.2
2317,1555,38,3,0.0
2318,1556,7,6,0.0
2319,1556,30,6,0.0
2320,1556,24,2,0.1
2321,1557,10,3,0.0
2322,1558,37,6,0.0
2323,1559,23,6,0.0
2324,1560,10,2,0.05
2325,1561,21,5,0.05
2326,1561,25,2,0.05
2327,1562,6,1,0.1
2328,1562,40,5,0.0
2329,1563,29,4,0.15
2330,1563,40,2,0.0
2331,1564,9,1,0.0
2332,1564,7,1,0.1
2333,1565,2,1,0.0
2334,1565,1,3,0.0
2335,1566,2,6,0.0
2336,1567,32,3,0.15
2337,1567,19,1,0.0
2338,1568,21,6,0.15
2339,1569,28,3,0.0
2340,1569,5,6,0.0
2341,1570,23,6,0.05
2342,1571,30,4,0.05
2343,1572,9,2,0.0
2344,1573,36,4,0.1
2345,1573,26,4,0.0
2346,1573,2,5,0.0
2347,1574,23,1,0.0
2348,1574,10,2,0.0
2349,1575,10,5,0.15
2350,1576,22,2,0.0
2351,1577,30,3,0.1
2352,1577,24,5,0.1
2353,1578,3,4,0.1
2354,1579,28,1,0.2
2355,1579,22,4,0.1
2356,1579,6,4,0.0
2357,1580,14,2,0.0
2358,1581,20,6,0.15
2359,1582,35,4,0.0
2360,1583,31,6,0.0
2361,1583,20,3,0.05
2362,1584,22,5,0.1
2363,1585,15,2,0.2
2364,1586,13,1,0.0
2365,1586,38,2,0.0
2366,1587,40,1,0.05
2367,1588,2,2,0.0
2368,1589,33,1,0.2
2369,1590,31,6,0.0
2370,1591,14,6,0.1
2371,1592,14,3,0.0
2372,1592,13,5,0.0
2373,1593,31,5,0.1
2374,1594,37,5,0.1
2375,1594,23,4,0.0
2376,1595,14,2,0.0
2377,1595,28,1,0.0
2378,1596,27,6,0.05
2379,1597,39,4,0.0
2380,1598,12,1,0.15
2381,1599,23,4,0.05
2382,1600,11,6,0.0
2383,1600,10,1,0.15
2384,1601,1,2,0.0
2385,1601,33,2,0.2
2386,1602,29,1,0.05
2387,1603,24,5,0.2
2388,1603,23,5,0.0
2389,1603,15,6,0.0
2390,1604,13,3,0.05
2391,1604,3,5,0.15
2392,1605,31,6,0.1
2393,1606,19,6,0.0
2394,1606,26,6,0.0
2395,1607,9,1,0.0
2396,1607,39,6,0.0
2397,1608,17,6,0.15
2398,1609,34,5,0.1
2399,1609,1,3,0.05
2400,1609,30,6,0.0
2401,1610,29,5,0.0
2402,1611,26,5,0.0
2403,1612,20,1,0.0
2404,1612,31,5,0.0
2405,1613,9,5,0.2
2406,1613,22,1,0.0
2407,1614,30,5,0.05
2408,1615,2,6,0.2
2409,1616,27,2,0.1
2410,1616,31,6,0.0
2411,1616,24,1,0.0
2412,1617,4,4,0.0
2413,1618,4,3,0.0
2414,1619,7,3,0.0
2415,1620,8,2,0.0
2416,1620,23,5,0.0
2417,1621,20,6,0.15
2418,1622,22,5,0.15
2419,1622,40,3,0.0
2420,1622,37,2,0.0
2421,1623,10,6,0.0
2422,1624,13,4,0.1
2423,1625,4,1,0.0
2424,1625,2,4,0.0
2425,1626,28,3,0.0
2426,1626,3,5,0.0
2427,1626,22,1,0.0
2428,1627,34,6,0.0
2429,1627,32,2,0.0
2430,1628,2,3,0.0
2431,1628,33,2,0.1
2432,1629,23,5,0.0
2433,1629,1,1,0.0
2434,1630,31,2,0.1
2435,1630,11,1,0.2
2436,1631,21,4,0.0
2437,1631,23,4,0.0
2438,1632,6,1,0.0
2439,1633,4,6,0.05
2440,1634,18,4,0.05
2441,1635,33,2,0.0
2442,1635,16,3,0.15
2443,1636,3,5,0.0
2444,1637,3,2,0.0
2445,1638,23,4,0.15
2446,1638,4,6,0.0
2447,1639,9,1,0.0
2448,1640,3,4,0.1
2449,1641,11,4,0.1
2450,1642,29,6,0.0
2451,1643,22,4,0.1
2452,1644,20,1,0.0
2453,1645,10,5,0.0
2454,1645,22,4,0.1
2455,1645,37,5,0.2
2456,1646,33,1,0.0
2457,1646,8,3,0.2
2458,1647,18,5,0.1
2459,1648,20,1,0.15
2460,1649,22,3,0.0
2461,1649,7,6,0.0
2462,1650,40,4,0.0
2463,1651,22,3,0.1
2464,1652,38,6,0.0
2465,1653,36,4,0.1
2466,1654,18,3,0.0
2467,1655,37,6,0.0
2468,1656,19,2,0.2
2469,1657,15,4,0.2
2470,1657,36,2,0.05
2471,1658,1,2,0.1
2472,1658,10,1,0.0
2473,1659,11,6,0.1
2474,1660,1,2,0.1
2475,1660,2,3,0.0
2476,1661,33,3,0.0
2477,1661,36,5,0.1
2478,1662,21,6,0.0
2479,1663,22,4,0.05
2480,1663,15,6,0.05
2481,1664,21,3,0.0
2482,1665,39,2,0.05
2483,1665,17,2,0.1
2484,1666,20,1,0.05
2485,1666,30,5,0.2
2486,1667,24,3,0.1
2487,1668,26,3,0.05
2488,1669,12,4,0.2
2489,1669,21,2,0.0
2490,1669,24,1,0.0
2491,1670,3,2,0.15
2492,1671,31,4,0.15
2493,1671,20,3,0.0
2494,1672,7,6,0.1
2495,1672,34,3,0.05
2496,1673,32,4,0.0
2497,1674,37,3,0.0
2498,1675,38,1,0.0
2499,1676,37,6,0.0
2500,1677,11,1,0.05
2501,1678,6,4,0.1
2502,1679,16,6,0.0
2503,1679,30,5,0.15
2504,1680,23,2,0.05
2505,1680,14,6,0.2
2506,1681,34,2,0.05
2507,1681,26,4,0.0
2508,1682,5,4,0.05
2509,1682,27,1,0.15
2510,1683,13,6,0.2
2511,1684,36,4,0.15
2512,1685,13,5,0.1
2513,1685,21,4,0.05
2514,1686,39,6,0.1
2515,1686,17,3,0.0
2516,1687,21,1,0.0
2517,1688,24,2,0.1
2518,1689,25,1,0.05
2519,1689,35,6,0.05
2520,1690,12,4,0.1
2521,1691,25,2,0.05
2522,1691,6,1,0.0
2523,1692,38,6,0.0
2524,1693,37,3,0.0
2525,1694,22,4,0.0
2526,1695,36,2,0.05
2527,1696,29,5,0.0
2528,1696,24,5,0.15
2529,1697,28,3,0.05
2530,1697,12,4,0.15
2531,1698,16,2,0.05
2532,1699,3,3,0.0
2533,1700,17,1,0.05
2534,1700,25,3,0.05
2535,1701,30,1,0.2
2536,1702,9,6,0.05
2537,1702,2,1,0.2
2538,1702,5,1,0.0
2539,1703,18,2,0.1
2540,1703,19,6,0.15
2541,1704,10,5,0.0
2542,1705,10,1,0.15
2543,1705,12,2,0.05
2544,1706,11,5,0.05
2545,1707,1,6,0.0
2546,1708,2,1,0.05
2547,1709,9,5,0.0
2548,1710,39,4,0.2
2549,1710,40,3,0.1
2550,1711,21,5,0.05
2551,1712,31,3,0.1
2552,1713,13,2,0.05
2553,1714,29,2,0.0
2554,1715,38,4,0.0
2555,1715,32,6,0.05
2556,1715,34,2,0.0
2557,1716,8,5,0.05
2558,1717,26,6,0.0
2559,1718,12,2,0.05
2560,1718,28,2,0.0
2561,1719,34,3,0.0
2562,1719,14,3,0.05
2563,1720,4,3,0.15
2564,1721,35,4,0.0
2565,1722,6,2,0.2
2566,1723,17,6,0.1
2567,1724,24,4,0.0
2568,1725,40,1,0.0
2569,1725,8,2,0.0
2570,1726,5,4,0.1
2571,1726,29,6,0.05
2572,1727,23,3,0.0
2573,1728,8,2,0.15
2574,1729,6,2,0.15
2575,1729,2,5,0.0
2576,1730,15,5,0.05
2577,1731,17,6,0.0
2578,1731,14,1,0.15
2579,1732,39,3,0.15
2580,1732,5,4,0.1
2581,1732,8,2,0.0
2582,1733,29,6,0.2
2583,1734,31,2,0.0
2584,1734,34,4,0.0
2585,1734,15,4,0.1
2586,1735,22,5,0.0
2587,1736,7,3,0.05
2588,1737,16,5,0.0
2589,1737,11,5,0.15
2590,1738,18,2,0.1
2591,1738,8,6,0.0
2592,1739,34,3,0.0
2593,1740,30,6,0.1
2594,1741,4,2,0.0
2595,1742,13,3,0.05
2596,1743,2,3,0.15
2597,1743,6,6,0.15
2598,1744,21,2,0.0
2599,1745,14,2,0.05
2600,1746,8,6,0.0
2601,1746,19,3,0.0
2602,1746,9,3,0.0
2603,1747,15,4,0.0
2604,1748,36,2,0.0
2605,1749,24,2,0.05
2606,1750,33,4,0.1
2607,1751,37,5,0.0
2608,1751,17,3,0.05
2609,1751,26,4,0.0
2610,1752,25,4,0.2
2611,1752,36,6,0.0
2612,1753,39,4,0.0
2613,1753,14,3,0.1
2614,1754,26,5,0.0
2615,1755,12,1,0.0
2616,1756,40,2,0.0
2617,1757,29,1,0.05
2618,1757,16,3,0.0
2619,1758,29,3,0.0
2620,1758,36,4,0.0
2621,1759,16,5,0.0
2622,1760,17,1,0.0
2623,1761,37,5,0.0
2624,1761,20,5,0.15
2625,1762,31,3,0.0
2626,1762,38,6,0.05
2627,1763,12,6,0.15
2628,1764,27,2,0.0
2629,1765,38,2,0.0
2630,1766,6,6,0.05
2631,1766,14,5,0.05
2632,1766,31,3,0.1
2633,1767,35,5,0.1
2634,1767,39,1,0.1
2635,1768,8,2,0.0
2636,1769,38,4,0.0
2637,1770,26,6,0.15
2638,1771,19,3,0.05
2639,1772,30,2,0.0
2640,1773,17,5,0.0
2641,1773,11,3,0.0
2642,1774,12,1,0.05
2643,1774,33,3,0.0
2644,1775,8,1,0.2
2645,1776,18,5,0.0
2646,1776,26,6,0.0
2647,1776,38,1,0.0
2648,1777,2,5,0.05
2649,1778,23,5,0.0
2650,1778,33,2,0.0
2651,1779,4,5,0.2
2652,1779,29,5,0.0
2653,1780,20,5,0.2
2654,1781,35,3,0.0
2655,1781,32,3,0.1
2656,1782,1,1,0.0
2657,1782,27,4,0.0
2658,1783,25,4,0.05
2659,1783,20,2,0.15
2660,1784,1,4,0.0
2661,1785,34,3,0.0
2662,1785,33,1,0.05
2663,1786,38,2,0.1
2664,1787,40,4,0.0
2665,1787,25,6,0.0
2666,1788,28,4,0.0
2667,1789,10,2,0.05
2668,1789,6,1,0.2
2669,1790,16,6,0.2
2670,1790,28,4,0.0
2671,1791,3,3,0.05
2672,1792,5,3,0.0
2673,1793,23,4,0.1
2674,1794,34,4,0.05
2675,1794,16,6,0.0
2676,1795,20,1,0.05
2677,1795,35,1,0.2
2678,1796,35,5,0.0
2679,1796,39,4,0.1
2680,1797,8,4,0.05
2681,1798,36,6,0.1
2682,1798,19,4,0.1
2683,1799,22,3,0.0
2684,1800,5,2,0.0
2685,1801,21,3,0.1
2686,1801,15,2,0.0
2687,1801,31,5,0.05
2688,1802,23,2,0.0
2689,1803,20,4,0.0
2690,1804,13,3,0.15
2691,1805,36,3,0.1
2692,1806,2,3,0.15
2693,1807,3,5,0.0
2694,1807,1,5,0.1
2695,1808,27,6,0.0
2696,1809,31,4,0.0
2697,1810,16,3,0.05
2698,1810,26,1,0.0
2699,1811,1,2,0.1
2700,1812,10,2,0.0
2701,1812,1,2,0.0
2702,1813,14,1,0.15
2703,1814,5,5,0.0
2704,1814,2,5,0.15
2705,1815,16,3,0.0
2706,1815,12,3,0.15
2707,1816,2,6,0.0
2708,1817,8,1,0.2
2709,1818,37,2,0.1
2710,1818,32,6,0.1
2711,1819,16,4,0.05
2712,1819,30,4,0.05
2713,1820,14,1,0.15
2714,1821,40,6,0.0
2715,1822,34,4,0.0
2716,1822,22,4,0.0
2717,1822,5,6,0.1
2718,1823,13,4,0.0
2719,1823,34,5,0.2
2720,1824,7,1,0.1
2721,1824,26,3,0.05
2722,1824,40,1,0.05
2723,1825,26,2,0.2
2724,1825,33,2,0.15
2725,1826,10,3,0.0
2726,1826,13,4,0.05
2727,1827,2,4,0.0
2728,1828,12,6,0.0
2729,1829,40,2,0.0
2730,1830,15,1,0.05
2731,1831,40,5,0.0
2732,1832,13,5,0.05
2733,1832,28,1,0.2
2734,1833,8,2,0.2
2735,1834,22,4,0.1
2736,1835,30,1,0.05
2737,1835,24,5,0.15
2738,1836,11,2,0.05
2739,1837,10,3,0.2
2740,1837,2,6,0.05
2741,1837,8,4,0.1
2742,1838,12,4,0.0
2743,1839,4,4,0.15
2744,1839,9,6,0.1
2745,1839,5,5,0.0
2746,1840,22,5,0.05
2747,1841,23,6,0.0
2748,1841,20,3,0.0
2749,1842,9,4,0.0
2750,1843,4,4,0.05
2751,1844,8,6,0.1
2752,1844,9,5,0.15
2753,1845,19,5,0.0
2754,1845,9,3,0.1
2755,1845,3,5,0.0
2756,1846,19,1,0.15
2757,1846,16,6,0.15
2758,1846,15,6,0.05
2759,1847,39,2,0.0
2760,1847,25,2,0.15
2761,1848,6,2,0.05
2762,1849,35,6,0.0
2763,1850,17,3,0.2
2764,1850,25,4,0.15
2765,1851,37,5,0.1
2766,1852,38,6,0.0
2767,1852,4,6,0.1
2768,1853,35,4,0.0
2769,1854,36,4,0.0
2770,1854,31,4,0.0
2771,1855,18,2,0.15
2772,1856,8,6,0.0
2773,1857,27,5,0.0
2774,1858,21,2,0.2
2775,1859,29,1,0.0
2776,1860,24,2,0.0
2777,1860,32,3,0.0
2778,1861,20,5,0.1
2779,1862,21,3,0.15
2780,1862,20,3,0.2
2781,1862,26,3,0.05
2782,1863,5,3,0.05
2783,1864,19,6,0.0
2784,1865,2,3,0.05
2785,1865,40,2,0.05
2786,1866,22,5,0.05
2787,1867,15,3,0.0
2788,1867,12,1,0.1
2789,1867,24,1,0.0
2790,1868,10,1,0.15
2791,1868,20,6,0.0
2792,1869,8,4,0.2
2793,1869,7,6,0.0
2794,1870,26,2,0.1
2795,1870,24,5,0.0
2796,1870,10,6,0.05
2797,1871,32,3,0.05
2798,1872,17,3,0.0
2799,1873,22,4,0.0
2800,1873,7,6,0.0
2801,1874,17,4,0.0
2802,1875,33,4,0.0
2803,1876,32,5,0.0
2804,1876,3,6,0.1
2805,1877,32,4,0.0
2806,1878,5,5,0.1
2807,1879,39,4,0.0
2808,1879,31,2,0.0
2809,1880,33,2,0.0
2810,1881,4,2,0.05
2811,1881,28,5,0.1
2812,1882,13,6,0.0
2813,1883,40,6,0.05
2814,1883,14,1,0.1
2815,1884,34,1,0.0
2816,1884,28,1,0.0
2817,1884,24,3,0.0
2818,1885,33,3,0.05
2819,1885,23,4,0.05
2820,1886,14,5,0.0
2821,1887,1,5,0.0
2822,1888,27,3,0.1
2823,1888,26,2,0.2
2824,1889,2,1,0.0
2825,1890,32,1,0.05
2826,1891,31,4,0.2
2827,1891,5,5,0.0
2828,1892,12,6,0.0
2829,1892,30,2,0.0
2830,1893,29,6,0.1
2831,1894,11,5,0.15
2832,1895,36,1,0.05
2833,1895,35,2,0.0
2834,1895,37,2,0.1
2835,1896,27,3,0.1
2836,1897,38,1,0.0
2837,1898,6,4,0.0
2838,1899,32,3,0.1
2839,1899,8,3,0.0
2840,1900,16,3,0.1
2841,1901,31,4,0.15
2842,1902,24,2,0.15
2843,1903,13,2,0.05
2844,1904,32,3,0.15
2845,1904,24,5,0.0
2846,1905,28,6,0.15
2847,1905,1,6,0.0
2848,1905,38,1,0.0
2849,1906,29,2,0.0
2850,1906,2,1,0.0
2851,1906,26,6,0.0
2852,1907,19,2,0.1
2853,1908,28,6,0.1
2854,1909,1,2,0.2
2855,1910,29,2,0.1
2856,1911,34,3,0.1
2857,1912,25,3,0.05
2858,1912,3,5,0.05
2859,1913,11,2,0.05
2860,1914,10,2,0.0
2861,1915,28,4,0.0
2862,1916,15,3,0.05
2863,1916,22,3,0.1
2864,1917,23,6,0.15
2865,1918,16,4,0.0
2866,1919,36,5,0.0
2867,1920,33,3,0.2
2868,1920,2,4,0.05
2869,1921,22,4,0.0
2870,1921,35,1,0.15
2871,1922,22,4,0.0
2872,1922,33,4,0.1
2873,1923,13,2,0.0
2874,1924,32,2,0.0
2875,1925,3,5,0.0
2876,1925,12,2,0.05
2877,1925,14,6,0.05
2878,1926,4,1,0.0
2879,1927,30,2,0.05
2880,1928,35,3,0.05
2881,1928,28,6,0.05
2882,1929,6,3,0.1
2883,1930,36,4,0.0
2884,1931,25,3,0.1
2885,1932,15,5,0.0
2886,1932,25,3,0.1
2887,1933,15,5,0.0
2888,1933,1,2,0.05
2889,1934,33,2,0.05
2890,1935,13,6,0.0
2891,1935,8,4,0.0
2892,1936,22,1,0.05
2893,1936,30,2,0.05
2894,1937,40,2,0.1
2895,1938,6,5,0.0
2896,1938,10,6,0.0
2897,1939,17,6,0.15
2898,1939,27,5,0.1
2899,1940,16,1,0.0
2900,1941,19,6,0.1
2901,1942,32,2,0.0
2902,1942,4,4,0.05
2903,1942,28,5,0.0
2904,1943,3,2,0.1
2905,1944,21,1,0.0
2906,1945,12,6,0.0
2907,1946,5,2,0.0
2908,1947,21,5,0.0
2909,1948,3,2,0.0
2910,1948,18,5,0.0
2911,1948,39,6,0.0
2912,1949,10,4,0.0
2913,1949,21,1,0.05
2914,1950,24,1,0.15
2915,1951,7,3,0.0
2916,1951,18,1,0.05
2917,1951,10,5,0.0
2918,1952,39,1,0.0
2919,1953,22,6,0.1
2920,1954,31,6,0.1
2921,1955,27,1,0.0
2922,1956,18,5,0.15
2923,1956,39,5,0.15
2924,1957,25,6,0.1
2925,1958,13,2,0.15
2926,1959,38,3,0.0
2927,1960,36,6,0.1
2928,1961,22,1,0.1
2929,1962,31,3,0.15
2930,1962,21,6,0.0
2931,1963,1,5,0.15
2932,1963,22,3,0.0
2933,1964,2,3,0.0
2934,1964,8,6,0.0
2935,1965,32,2,0.2
2936,1965,24,4,0.05
2937,1966,39,2,0.0
2938,1966,21,1,0.15
2939,1967,16,2,0.0
2940,1967,18,3,0.0
2941,1968,5,3,0.1
2942,1968,21,1,0.0
2943,1969,23,1,0.15
2944,1969,28,6,0.2
2945,1969,26,1,0.15
2946,1970,13,2,0.05
2947,1971,23,6,0.05
2948,1972,14,1,0.0
2949,1972,32,4,0.15
2950,1973,7,1,0.1
2951,1974,27,3,0.0
2952,1975,35,6,0.0
2953,1975,24,5,0.15
2954,1976,19,2,0.1
2955,1977,19,4,0.15
2956,1978,36,6,0.05
2957,1978,25,2,0.0
2958,1978,6,6,0.0
2959,1979,1,3,0.1
2960,1980,35,3,0.15
2961,1981,15,5,0.15
2962,1982,8,2,0.05
2963,1982,6,5,0.05
2964,1982,3,6,0.0
2965,1983,38,6,0.0
2966,1983,24,4,0.15
2967,1984,8,1,0.0
2968,1985,3,6,0.1
2969,1985,27,3,0.05
2970,1986,22,4,0.05
2971,1987,10,6,0.1
2972,1987,26,1,0.0
2973,1988,32,2,0.1
2974,1988,11,5,0.1
2975,1989,22,3,0.0
2976,1989,4,4,0.0
2977,1990,26,2,0.0
2978,1990,39,1,0.0
2979,1990,16,2,0.0
2980,1991,8,1,0.0
2981,1992,22,3,0.0
2982,1992,28,3,0.0
2983,1993,22,5,0.0
2984,1993,37,4,0.2
2985,1994,16,4,0.15
2986,1995,10,3,0.2
2987,1995,14,6,0.05
2988,1996,12,1,0.05
2989,1996,35,5,0.0
2990,1997,5,1,0.05
2991,1997,37,6,0.0
2992,1998,19,4,0.0
2993,1998,22,4,0.0
2994,1999,6,1,0.2
2995,1999,3,4,0.0
2996,2000,12,5,0.1
2997,2001,37,4,0.0
2998,2001,19,4,0.0
2999,2002,20,1,0.1
3000,2003,29,4,0.1
3001,2004,14,3,0.0
3002,2005,12,2,0.1
3003,2005,5,6,0.2
3004,2006,5,5,0.05
3005,2007,40,1,0.1
3006,2007,30,6,0.0
3007,2008,12,4,0.05
3008,2009,27,6,0.0
3009,2010,15,2,0.0
3010,2010,3,2,0.0
3011,2010,9,2,0.1
3012,2011,15,3,0.05
3013,2012,37,1,0.0
3014,2013,32,1,0.0
3015,2013,22,5,0.1
3016,2014,7,1,0.0
3017,2015,18,2,0.0
3018,2015,33,4,0.05
3019,2016,29,6,0.05
3020,2017,34,2,0.15
3021,2017,18,1,0.05
3022,2018,36,4,0.15
3023,2018,2,3,0.2
3024,2019,29,3,0.1
3025,2020,14,4,0.0
3026,2020,7,2,0.1
3027,2020,33,2,0.05
3028,2021,4,5,0.05
3029,2022,16,1,0.1
3030,2023,20,6,0.15
3031,2024,20,3,0.15
3032,2024,32,4,0.05
3033,2025,12,5,0.05
3034,2025,19,5,0.0
3035,2025,22,3,0.0
3036,2026,2,6,0.0
3037,2027,8,3,0.2
3038,2028,39,3,0.0
3039,2029,19,5,0.0
3040,2030,22,2,0.15
3041,2030,7,6,0.0
3042,2031,6,3,0.0
3043,2032,34,6,0.15
3044,2033,38,3,0.0
3045,2033,14,6,0.15
3046,2034,24,5,0.05
3047,2034,14,3,0.0
3048,2035,3,5,0.2
3049,2035,10,1,0.0
3050,2035,7,3,0.2
3051,2036,38,4,0.0
3052,2037,23,1,0.0
3053,2038,33,1,0.15
3054,2038,25,3,0.0
3055,2038,1,5,0.0
3056,2039,2,5,0.0
3057,2039,10,1,0.0
3058,2040,8,2,0.0
3059,2041,39,3,0.15
3060,2041,24,2,0.0
3061,2041,9,5,0.0
3062,2042,26,5,0.05
3063,2043,20,3,0.15
3064,2043,30,1,0.0
3065,2044,20,2,0.15
3066,2044,6,3,0.0
3067,2045,6,5,0.15
3068,2046,27,4,0.1
3069,2046,30,4,0.0
3070,2047,11,6,0.05
3071,2048,28,5,0.0
3072,2049,8,1,0.05
3073,2050,35,2,0.0
3074,2050,30,3,0.0
3075,2051,13,4,0.2
3076,2052,17,1,0.05
3077,2052,15,1,0.0
3078,2053,32,6,0.0
3079,2054,19,3,0.0
3080,2055,29,5,0.05
3081,2056,26,4,0.0
3082,2056,5,2,0.0
3083,2057,34,3,0.0
3084,2058,12,4,0.0
3085,2059,37,1,0.0
3086,2060,19,6,0.0
3087,2060,17,5,0.05
3088,2061,36,1,0.0
3089,2061,32,1,0.0
3090,2062,11,3,0.1
3091,2063,27,1,0.0
3092,2064,9,2,0.0
3093,2065,37,4,0.0
3094,2066,21,3,0.05
3095,2067,34,5,0.05
3096,2068,13,6,0.0
3097,2068,23,3,0.05
3098,2069,21,1,0.0
3099,2070,24,3,0.0
3100,2071,9,4,0.1
3101,2072,25,6,0.0
3102,2072,10,3,0.0
3103,2073,35,3,0.05
3104,2073,7,4,0.1
3105,2073,17,3,0.15
3106,2074,31,2,0.15
3107,2075,3,4,0.15
3108,2076,28,5,0.05
3109,2077,36,5,0.0
3110,2078,39,1,0.0
3111,2079,4,4,0.0
3112,2080,28,3,0.0
3113,2081,31,4,0.1
3114,2081,2,1,0.1
3115,2082,37,4,0.0
3116,2082,12,6,0.0
3117,2082,27,6,0.05
3118,2083,8,4,0.0
3119,2084,18,2,0.0
3120,2085,12,2,0.0
3121,2085,8,5,0.0
3122,2086,30,1,0.0
3123,2087,32,4,0.0
3124,2087,36,6,0.05
3125,2087,6,3,0.05
3126,2088,32,6,0.0
3127,2088,21,6,0.0
3128,2089,22,2,0.0
3129,2089,37,1,0.0
3130,2090,37,6,0.2
3131,2091,17,2,0.05
3132,2092,15,6,0.05
3133,2092,26,3,0.0
3134,2092,6,4,0.0
3135,2093,10,4,0.2
3136,2094,22,1,0.0
3137,2094,32,4,0.0
3138,2094,18,4,0.2
3139,2095,29,4,0.15
3140,2096,25,5,0.15
3141,2097,22,1,0.0
3142,2098,35,1,0.2
3143,2099,36,2,0.0
3144,2100,32,2,0.15
3145,2101,13,1,0.05
3146,2102,22,5,0.0
3147,2103,14,3,0.0
3148,2104,20,6,0.0
3149,2104,5,4,0.15
3150,2105,28,3,0.2
3151,2105,24,3,0.0
3152,2106,39,2,0.1
3153,2106,11,3,0.1
3154,2107,35,1,0.0
3155,2107,40,5,0.15
3156,2108,23,6,0.0
3157,2109,31,4,0.0
3158,2110,36,3,0.2
3159,2110,3,2,0.15
3160,2111,1,3,0.0
3161,2112,31,6,0.2
3162,2113,35,3,0.1
3163,2114,27,5,0.15
3164,2114,6,2,0.0
3165,2114,3,2,0.2
3166,2115,37,2,0.0
3167,2116,22,6,0.0
3168,2116,25,1,0.1
3169,2116,28,6,0.0
3170,2117,40,1,0.05
3171,2118,20,6,0.15
3172,2119,5,5,0.05
3173,2119,19,5,0.0
3174,2120,14,3,0.05
3175,2121,15,5,0.05
3176,2122,28,5,0.05
3177,2122,14,3,0.15
3178,2122,10,2,0.0
3179,2123,18,2,0.1
3180,2124,2,2,0.0
3181,2125,25,1,0.15
3182,2126,11,1,0.05
3183,2126,35,6,0.1
3184,2126,10,6,0.1
3185,2127,30,2,0.05
3186,2127,9,5,0.0
3187,2127,12,1,0.15
3188,2128,31,6,0.0
3189,2129,33,2,0.2
3190,2130,22,4,0.0
3191,2130,2,4,0.0
3192,2131,12,3,0.2
3193,2131,28,6,0.05
3194,2131,20,1,0.0
3195,2132,32,5,0.05
3196,2132,27,1,0.05
3197,2133,20,1,0.0
3198,2134,37,6,0.05
3199,2135,35,4,0.0
3200,2135,28,5,0.1
3201,2136,26,4,0.1
3202,2136,4,6,0.1
3203,2137,27,6,0.0
3204,2138,11,3,0.0
3205,2139,19,6,0.15
3206,2140,18,1,0.05
3207,2141,25,5,0.1
3208,2142,25,6,0.0
3209,2143,13,1,0.0
3210,2144,24,4,0.2
3211,2144,30,3,0.0
3212,2145,34,3,0.0
3213,2146,16,5,0.05
3214,2146,8,1,0.0
3215,2147,7,2,0.05
3216,2148,39,5,0.1
3217,2149,34,1,0.15
3218,2149,4,1,0.0
3219,2150,29,1,0.0
3220,2151,36,3,0.0
3221,2152,12,2,0.0
3222,2152,9,2,0.0
3223,2152,28,5,0.1
3224,2153,11,6,0.1
3225,2154,11,5,0.15
3226,2155,20,2,0.05
3227,2156,15,2,0.0
3228,2157,34,2,0.05
3229,2158,39,1,0.0
3230,2159,12,5,0.0
3231,2159,17,6,0.0
3232,2160,24,6,0.0
3233,2160,3,4,0.0
3234,2161,30,6,0.0
3235,2162,37,2,0.0
3236,2163,3,4,0.0
3237,2164,7,2,0.0
3238,2164,28,2,0.15
3239,2165,32,4,0.0
3240,2165,24,1,0.0
3241,2165,10,2,0.0
3242,2166,28,3,0.0
3243,2167,33,5,0.0
3244,2168,1,2,0.1
3245,2169,24,4,0.0
3246,2170,28,4,0.0
3247,2170,30,5,0.05
3248,2171,23,3,0.1
3249,2172,31,6,0.0
3250,2172,25,1,0.05
3251,2173,20,2,0.1
3252,2174,40,5,0.2
3253,2174,39,6,0.05
3254,2175,9,6,0.1
3255,2176,18,2,0.0
3256,2177,30,3,0.05
3257,2178,32,5,0.05
3258,2178,2,1,0.0
3259,2178,29,5,0.0
3260,2179,38,4,0.1
3261,2180,13,5,0.0
3262,2181,23,1,0.0
3263,2182,29,6,0.2
3264,2183,26,2,0.0
3265,2184,2,4,0.0
3266,2184,33,3,0.05
3267,2184,8,4,0.15
3268,2185,25,1,0.15
3269,2185,5,5,0.05
3270,2186,35,2,0.1
3271,2187,31,2,0.1
3272,2188,16,5,0.0
3273,2189,16,5,0.1
3274,2189,18,1,0.1
3275,2190,16,2,0.15
3276,2191,14,3,0.05
3277,2192,4,1,0.1
3278,2193,29,3,0.15
3279,2193,22,4,0.0
3280,2194,30,1,0.05
3281,2195,9,2,0.0
3282,2196,39,2,0.0
3283,2197,10,5,0.2
3284,2197,36,4,0.0
3285,2198,35,4,0.0
3286,2199,13,6,0.1
3287,2199,26,1,0.0
3288,2200,10,1,0.15
